symbol,as_of,regime,r_strength,ret_10_net
4576,2019-09-10,盤整,strong,0.236
2338,2020-01-08,盤整,strong,-11.061
2342,2020-01-30,盤整,strong,5.701
2375,2020-01-30,盤整,strong,3.518
2436,2020-01-30,盤整,strong,-2.291
2449,2020-01-30,盤整,strong,8.852
2454,2020-01-30,盤整,strong,4.74
2472,2020-01-30,盤整,strong,2.043
3016,2020-01-30,盤整,strong,2.812
3026,2020-01-30,盤整,strong,14.877
3149,2020-01-30,盤整,strong,-0.223
3317,2020-01-30,盤整,strong,-0.82
3354,2020-01-30,盤整,strong,4.397
3707,2020-01-30,盤整,strong,0.617
4919,2020-01-30,盤整,strong,-0.223
5299,2020-01-30,盤整,strong,-1.07
5425,2020-01-30,盤整,strong,1.948
6435,2020-01-30,盤整,strong,-3.024
6548,2020-01-30,盤整,strong,-1.111
6573,2020-01-30,盤整,strong,-6.807
8261,2020-01-30,盤整,strong,3.375
2375,2020-01-31,盤整,strong,11.359
2449,2020-01-31,盤整,strong,10.736
2481,2020-01-31,盤整,strong,7.241
3317,2020-01-31,盤整,strong,12.209
4919,2020-01-31,盤整,strong,4.134
5299,2020-01-31,盤整,strong,8.823
5425,2020-01-31,盤整,strong,8.02
6173,2020-01-31,盤整,strong,11.72
6284,2020-01-31,盤整,strong,9.194
6435,2020-01-31,盤整,strong,6.297
6548,2020-01-31,盤整,strong,0.87
8261,2020-01-31,盤整,strong,6.617
1802,2020-02-03,盤整,strong,-12.324
2313,2020-02-03,盤整,strong,-6.48
2338,2020-02-03,盤整,strong,-13.543
2342,2020-02-03,盤整,strong,10.469
2367,2020-02-03,盤整,strong,-6.194
2375,2020-02-03,盤整,strong,0.414
2436,2020-02-03,盤整,strong,-14.333
2449,2020-02-03,盤整,strong,-11.152
2472,2020-02-03,盤整,strong,-10.387
2481,2020-02-03,盤整,strong,-3.686
3016,2020-02-03,盤整,strong,0.007
3026,2020-02-03,盤整,strong,16.436
3234,2020-02-03,盤整,strong,1.144
3317,2020-02-03,盤整,strong,7.4
3354,2020-02-03,盤整,strong,6.452
3588,2020-02-03,盤整,strong,-15.417
4540,2020-02-03,盤整,strong,-0.068
4919,2020-02-03,盤整,strong,-11.828
5285,2020-02-03,盤整,strong,-5.004
5299,2020-02-03,盤整,strong,8.74
5425,2020-02-03,盤整,strong,5.779
6138,2020-02-03,盤整,strong,2.944
6173,2020-02-03,盤整,strong,7.695
6175,2020-02-03,盤整,strong,4.213
6182,2020-02-03,盤整,strong,9.59
6215,2020-02-03,盤整,strong,-15.446
6244,2020-02-03,盤整,strong,7.317
6284,2020-02-03,盤整,strong,11.132
6435,2020-02-03,盤整,strong,7.25
6525,2020-02-03,盤整,strong,-8.325
6548,2020-02-03,盤整,strong,0.899
6573,2020-02-03,盤整,strong,-2.927
8081,2020-02-03,盤整,strong,-6.207
8261,2020-02-03,盤整,strong,-12.701
2481,2020-02-04,盤整,strong,5.983
3317,2020-02-04,盤整,strong,5.116
3354,2020-02-04,盤整,strong,4.058
5299,2020-02-04,盤整,strong,8.552
5425,2020-02-04,盤整,strong,1.833
6244,2020-02-04,盤整,strong,4.317
6435,2020-02-04,盤整,strong,6.707
6548,2020-02-04,盤整,strong,-0.585
6573,2020-02-04,盤整,strong,-4.484
6244,2020-02-05,盤整,strong,5.921
6548,2020-02-05,盤整,strong,0.329
6573,2020-02-05,盤整,strong,1.385
8081,2020-02-05,盤整,strong,6.688
6548,2020-02-06,盤整,strong,-0.221
6573,2020-02-06,盤整,strong,-2.503
6548,2020-02-07,盤整,strong,1.498
3234,2020-02-10,盤整,strong,3.68
6548,2020-02-10,盤整,strong,-0.955
6548,2020-02-11,盤整,strong,-1.326
2313,2020-08-20,盤整,strong,-1.798
2327,2020-08-20,盤整,strong,0.305
2367,2020-08-20,盤整,strong,-1.05
2375,2020-08-20,盤整,strong,-2.102
2449,2020-08-20,盤整,strong,-3.241
2454,2020-08-20,盤整,strong,2.846
2478,2020-08-20,盤整,strong,1.338
3227,2020-08-20,盤整,strong,1.789
3234,2020-08-20,盤整,strong,7.069
3588,2020-08-20,盤整,strong,6.691
3675,2020-08-20,盤整,strong,5.38
3707,2020-08-20,盤整,strong,1.26
3711,2020-08-20,盤整,strong,-3.837
6643,2020-08-20,盤整,strong,7.677
2367,2020-08-21,盤整,strong,-2.868
2375,2020-08-21,盤整,strong,-1.87
2454,2020-08-21,盤整,strong,-0.752
3227,2020-08-21,盤整,strong,2.314
3707,2020-08-21,盤整,strong,8.523
2327,2020-08-24,盤整,strong,3.893
2367,2020-08-24,盤整,strong,0.123
2375,2020-08-24,盤整,strong,-1.882
3189,2020-08-24,盤整,strong,-5.063
3707,2020-08-24,盤整,strong,7.655
2049,2020-09-22,盤整,strong,-3.402
3305,2020-09-24,盤整,strong,10.385
3305,2020-09-25,盤整,strong,5.754
6175,2020-09-25,盤整,strong,1.626
6215,2020-09-25,盤整,strong,3.01
3675,2020-10-05,盤整,strong,20.819
6435,2021-01-28,盤整,strong,8.424
3189,2021-01-29,盤整,strong,21.258
6244,2021-01-29,盤整,strong,16.943
6435,2021-01-29,盤整,strong,13.969
3189,2021-02-01,盤整,strong,29.651
3317,2021-02-01,盤整,strong,23.158
6244,2021-02-01,盤整,strong,11.671
6435,2021-02-01,盤整,strong,12.438
8261,2021-02-01,盤整,strong,9.641
5347,2021-03-05,盤整,strong,1.751
5347,2021-03-08,盤整,strong,6.841
5347,2021-03-09,盤整,strong,1.347
6415,2021-03-09,盤整,strong,-7.532
2338,2021-05-04,盤整,strong,-3.102
2342,2021-05-04,盤整,strong,-13.156
2375,2021-05-04,盤整,strong,-11.426
2472,2021-05-04,盤整,strong,-6.29
3189,2021-05-04,盤整,strong,-4.667
3234,2021-05-04,盤整,strong,-13.949
3354,2021-05-04,盤整,strong,-6.945
3588,2021-05-04,盤整,strong,-12.901
3707,2021-05-04,盤整,strong,-9.085
4540,2021-05-04,盤整,strong,-15.38
4576,2021-05-04,盤整,strong,-9.816
6175,2021-05-04,盤整,strong,-14.986
6215,2021-05-04,盤整,strong,-10.277
6244,2021-05-04,盤整,strong,-7.451
6284,2021-05-04,盤整,strong,-9.914
6435,2021-05-04,盤整,strong,-14.278
6770,2021-05-04,盤整,strong,-10.979
2327,2021-05-05,盤整,strong,-11.885
2342,2021-05-05,盤整,strong,-16.283
2375,2021-05-05,盤整,strong,-10.294
2472,2021-05-05,盤整,strong,-6.373
2478,2021-05-05,盤整,strong,-9.218
2481,2021-05-05,盤整,strong,-13.753
2492,2021-05-05,盤整,strong,-13.056
3016,2021-05-05,盤整,strong,-11.664
3189,2021-05-05,盤整,strong,-8.71
3234,2021-05-05,盤整,strong,-20.436
3354,2021-05-05,盤整,strong,-11.469
3588,2021-05-05,盤整,strong,-12.266
3707,2021-05-05,盤整,strong,-4.888
4540,2021-05-05,盤整,strong,-18.398
4576,2021-05-05,盤整,strong,-8.585
5299,2021-05-05,盤整,strong,-11.111
5425,2021-05-05,盤整,strong,-13.985
6138,2021-05-05,盤整,strong,-7.508
6244,2021-05-05,盤整,strong,-12.031
6435,2021-05-05,盤整,strong,-13.461
6548,2021-05-05,盤整,strong,-13.816
6643,2021-05-05,盤整,strong,-9.092
6770,2021-05-05,盤整,strong,-12.331
8081,2021-05-05,盤整,strong,3.09
2313,2021-05-06,盤整,strong,-8.721
2337,2021-05-06,盤整,strong,-7.539
2338,2021-05-06,盤整,strong,-3.17
2342,2021-05-06,盤整,strong,-13.957
2375,2021-05-06,盤整,strong,-10.632
2472,2021-05-06,盤整,strong,-6.29
2478,2021-05-06,盤整,strong,-6.45
2481,2021-05-06,盤整,strong,-10.624
3189,2021-05-06,盤整,strong,-3.466
3588,2021-05-06,盤整,strong,-12.706
3707,2021-05-06,盤整,strong,-6.467
5285,2021-05-06,盤整,strong,-11.942
5425,2021-05-06,盤整,strong,-12.218
6175,2021-05-06,盤整,strong,-13.273
6435,2021-05-06,盤整,strong,-11.744
6548,2021-05-06,盤整,strong,-8.522
6770,2021-05-06,盤整,strong,-7.448
8081,2021-05-06,盤整,strong,5.189
2049,2021-05-11,盤整,strong,6.281
2313,2021-05-11,盤整,strong,1.473
2327,2021-05-11,盤整,strong,1.974
2337,2021-05-11,盤整,strong,2.968
2342,2021-05-11,盤整,strong,-2.936
2355,2021-05-11,盤整,strong,-4.639
2375,2021-05-11,盤整,strong,2.88
2401,2021-05-11,盤整,strong,2.826
2421,2021-05-11,盤整,strong,-2.416
2436,2021-05-11,盤整,strong,-0.902
2481,2021-05-11,盤整,strong,3.278
2492,2021-05-11,盤整,strong,-0.585
3015,2021-05-11,盤整,strong,-6.493
3016,2021-05-11,盤整,strong,2.54
3189,2021-05-11,盤整,strong,15.526
3234,2021-05-11,盤整,strong,3.793
3305,2021-05-11,盤整,strong,4.421
3588,2021-05-11,盤整,strong,6.275
3707,2021-05-11,盤整,strong,16.112
4540,2021-05-11,盤整,strong,0.399
5285,2021-05-11,盤整,strong,2.924
5299,2021-05-11,盤整,strong,4.345
5425,2021-05-11,盤整,strong,-2.078
6138,2021-05-11,盤整,strong,10.353
6173,2021-05-11,盤整,strong,-2.52
6175,2021-05-11,盤整,strong,-6.267
6244,2021-05-11,盤整,strong,-4.667
6284,2021-05-11,盤整,strong,4.058
6435,2021-05-11,盤整,strong,1.284
6443,2021-05-11,盤整,strong,-5.424
6548,2021-05-11,盤整,strong,5.38
6573,2021-05-11,盤整,strong,-6.416
8081,2021-05-11,盤整,strong,22.014
8374,2021-05-11,盤整,strong,5.588
2049,2021-05-12,盤整,strong,11.32
2313,2021-05-12,盤整,strong,13.051
2317,2021-05-12,盤整,strong,9.465
2327,2021-05-12,盤整,strong,17.856
2337,2021-05-12,盤整,strong,15.04
2338,2021-05-12,盤整,strong,26.769
2342,2021-05-12,盤整,strong,11.558
2351,2021-05-12,盤整,strong,21.344
2355,2021-05-12,盤整,strong,8.261
2359,2021-05-12,盤整,strong,4.727
2369,2021-05-12,盤整,strong,13.462
2375,2021-05-12,盤整,strong,25.936
2401,2021-05-12,盤整,strong,24.309
2409,2021-05-12,盤整,strong,8.638
2421,2021-05-12,盤整,strong,13.588
2436,2021-05-12,盤整,strong,4.933
2454,2021-05-12,盤整,strong,4.945
2464,2021-05-12,盤整,strong,2.328
2472,2021-05-12,盤整,strong,9.52
2478,2021-05-12,盤整,strong,8.243
2481,2021-05-12,盤整,strong,14.261
2492,2021-05-12,盤整,strong,7.771
3015,2021-05-12,盤整,strong,6.165
3016,2021-05-12,盤整,strong,12.105
3149,2021-05-12,盤整,strong,18.143
3189,2021-05-12,盤整,strong,19.182
3227,2021-05-12,盤整,strong,6.79
3234,2021-05-12,盤整,strong,14.769
3305,2021-05-12,盤整,strong,20.844
3317,2021-05-12,盤整,strong,17.151
3354,2021-05-12,盤整,strong,17.441
3481,2021-05-12,盤整,strong,8.415
3588,2021-05-12,盤整,strong,15.213
3675,2021-05-12,盤整,strong,11.637
3707,2021-05-12,盤整,strong,20.506
3711,2021-05-12,盤整,strong,14.759
4540,2021-05-12,盤整,strong,9.134
4576,2021-05-12,盤整,strong,13.316
5285,2021-05-12,盤整,strong,11.776
5299,2021-05-12,盤整,strong,12.294
5347,2021-05-12,盤整,strong,13.074
5425,2021-05-12,盤整,strong,17.655
6138,2021-05-12,盤整,strong,16.731
6173,2021-05-12,盤整,strong,12.736
6175,2021-05-12,盤整,strong,4.881
6182,2021-05-12,盤整,strong,12.537
6202,2021-05-12,盤整,strong,14.014
6207,2021-05-12,盤整,strong,9.571
6244,2021-05-12,盤整,strong,17.3
6282,2021-05-12,盤整,strong,6.382
6284,2021-05-12,盤整,strong,12.484
6435,2021-05-12,盤整,strong,7.831
6443,2021-05-12,盤整,strong,15.846
6548,2021-05-12,盤整,strong,5.184
6573,2021-05-12,盤整,strong,5.645
6643,2021-05-12,盤整,strong,11.093
6770,2021-05-12,盤整,strong,3.24
8081,2021-05-12,盤整,strong,22.104
8255,2021-05-12,盤整,strong,5.726
8261,2021-05-12,盤整,strong,5.217
8374,2021-05-12,盤整,strong,10.599
1303,2021-05-13,盤整,strong,5.245
2049,2021-05-13,盤整,strong,13.502
2313,2021-05-13,盤整,strong,8.687
2317,2021-05-13,盤整,strong,5.129
2327,2021-05-13,盤整,strong,11.287
2337,2021-05-13,盤整,strong,7.42
2338,2021-05-13,盤整,strong,16.656
2342,2021-05-13,盤整,strong,4.013
2351,2021-05-13,盤整,strong,18.656
2355,2021-05-13,盤整,strong,15.152
2359,2021-05-13,盤整,strong,1.825
2369,2021-05-13,盤整,strong,10.88
2375,2021-05-13,盤整,strong,8.269
2401,2021-05-13,盤整,strong,8.674
2409,2021-05-13,盤整,strong,2.485
2421,2021-05-13,盤整,strong,4.125
2436,2021-05-13,盤整,strong,16.307
2454,2021-05-13,盤整,strong,6.909
2464,2021-05-13,盤整,strong,4.772
2472,2021-05-13,盤整,strong,4.989
2478,2021-05-13,盤整,strong,3.174
2481,2021-05-13,盤整,strong,11.61
2492,2021-05-13,盤整,strong,4.213
3015,2021-05-13,盤整,strong,-1.267
3016,2021-05-13,盤整,strong,9.629
3149,2021-05-13,盤整,strong,6.693
3189,2021-05-13,盤整,strong,16.831
3234,2021-05-13,盤整,strong,4.467
3305,2021-05-13,盤整,strong,9.848
3317,2021-05-13,盤整,strong,12.162
3354,2021-05-13,盤整,strong,5.641
3481,2021-05-13,盤整,strong,1.01
3588,2021-05-13,盤整,strong,13.835
3675,2021-05-13,盤整,strong,11.123
4540,2021-05-13,盤整,strong,4.128
4576,2021-05-13,盤整,strong,6.528
5285,2021-05-13,盤整,strong,16.915
5299,2021-05-13,盤整,strong,5.753
5425,2021-05-13,盤整,strong,9.507
6173,2021-05-13,盤整,strong,3.659
6175,2021-05-13,盤整,strong,0.609
6182,2021-05-13,盤整,strong,9.491
6202,2021-05-13,盤整,strong,8.026
6207,2021-05-13,盤整,strong,0.833
6215,2021-05-13,盤整,strong,0.81
6244,2021-05-13,盤整,strong,1.721
6282,2021-05-13,盤整,strong,2.748
6284,2021-05-13,盤整,strong,9.027
6435,2021-05-13,盤整,strong,6.082
6443,2021-05-13,盤整,strong,0.332
6548,2021-05-13,盤整,strong,2.76
6573,2021-05-13,盤整,strong,3.503
6770,2021-05-13,盤整,strong,-1.109
8255,2021-05-13,盤整,strong,6.114
8261,2021-05-13,盤整,strong,1.218
8374,2021-05-13,盤整,strong,9.286
2338,2021-05-14,盤整,strong,34.615
2355,2021-05-14,盤整,strong,20.083
2359,2021-05-14,盤整,strong,9.092
2369,2021-05-14,盤整,strong,27.356
2401,2021-05-14,盤整,strong,26.436
2436,2021-05-14,盤整,strong,41.115
2464,2021-05-14,盤整,strong,19.622
3015,2021-05-14,盤整,strong,16.082
3234,2021-05-14,盤整,strong,21.128
3305,2021-05-14,盤整,strong,39.298
3317,2021-05-14,盤整,strong,40.853
3675,2021-05-14,盤整,strong,30.573
4540,2021-05-14,盤整,strong,15.85
5285,2021-05-14,盤整,strong,32.808
6173,2021-05-14,盤整,strong,16.019
6207,2021-05-14,盤整,strong,16.824
6282,2021-05-14,盤整,strong,16.229
6443,2021-05-14,盤整,strong,12.302
6573,2021-05-14,盤整,strong,21.313
8255,2021-05-14,盤整,strong,11.423
8261,2021-05-14,盤整,strong,29.51
1303,2021-05-17,盤整,strong,8.25
2313,2021-05-17,盤整,strong,15.444
2317,2021-05-17,盤整,strong,12.223
2327,2021-05-17,盤整,strong,14.358
2337,2021-05-17,盤整,strong,19.026
2338,2021-05-17,盤整,strong,29.261
2342,2021-05-17,盤整,strong,21.186
2355,2021-05-17,盤整,strong,23.489
2359,2021-05-17,盤整,strong,6.603
2367,2021-05-17,盤整,strong,18.593
2369,2021-05-17,盤整,strong,27.832
2401,2021-05-17,盤整,strong,22.68
2409,2021-05-17,盤整,strong,19.229
2421,2021-05-17,盤整,strong,7.533
2436,2021-05-17,盤整,strong,28.744
2449,2021-05-17,盤整,strong,7.174
2464,2021-05-17,盤整,strong,19.593
2472,2021-05-17,盤整,strong,18.583
2478,2021-05-17,盤整,strong,13.724
2481,2021-05-17,盤整,strong,27.022
2492,2021-05-17,盤整,strong,9.05
3015,2021-05-17,盤整,strong,14.428
3016,2021-05-17,盤整,strong,19.415
3026,2021-05-17,盤整,strong,10.665
3227,2021-05-17,盤整,strong,14.139
3234,2021-05-17,盤整,strong,21.92
3305,2021-05-17,盤整,strong,25.221
3317,2021-05-17,盤整,strong,33.877
3481,2021-05-17,盤整,strong,18.722
3675,2021-05-17,盤整,strong,24.121
3706,2021-05-17,盤整,strong,7.668
3707,2021-05-17,盤整,strong,33.656
4540,2021-05-17,盤整,strong,17.527
4576,2021-05-17,盤整,strong,19.415
4919,2021-05-17,盤整,strong,45.347
5285,2021-05-17,盤整,strong,29.584
5299,2021-05-17,盤整,strong,16.46
5425,2021-05-17,盤整,strong,25.491
6138,2021-05-17,盤整,strong,17.212
6173,2021-05-17,盤整,strong,16.896
6175,2021-05-17,盤整,strong,22.258
6182,2021-05-17,盤整,strong,18.446
6202,2021-05-17,盤整,strong,12.764
6207,2021-05-17,盤整,strong,12.583
6215,2021-05-17,盤整,strong,16.168
6244,2021-05-17,盤整,strong,13.019
6282,2021-05-17,盤整,strong,12.819
6284,2021-05-17,盤整,strong,20.829
6435,2021-05-17,盤整,strong,18.165
6443,2021-05-17,盤整,strong,14.131
6525,2021-05-17,盤整,strong,10.448
6548,2021-05-17,盤整,strong,21.278
6573,2021-05-17,盤整,strong,19.556
6770,2021-05-17,盤整,strong,9.03
8255,2021-05-17,盤整,strong,13.212
8261,2021-05-17,盤整,strong,25.389
8374,2021-05-17,盤整,strong,13.701
2367,2021-05-18,盤整,strong,14.2
2369,2021-05-18,盤整,strong,18.082
6173,2021-05-18,盤整,strong,7.571
6215,2021-05-18,盤整,strong,7.22
6282,2021-05-18,盤整,strong,7.48
2421,2021-05-20,盤整,strong,7.789
2409,2021-07-21,盤整,strong,13.191
3481,2021-07-21,盤整,strong,12.779
2049,2021-07-28,盤整,strong,-1.175
2049,2021-07-29,盤整,strong,-0.148
2049,2021-07-30,盤整,strong,-2.16
2049,2021-08-02,盤整,strong,-6.765
3354,2021-08-09,盤整,strong,-4.445
3675,2021-08-09,盤整,strong,28.952
6643,2021-08-09,盤整,strong,-4.821
3354,2021-08-10,盤整,strong,-2.014
3707,2021-08-10,盤整,strong,10.584
6284,2021-08-10,盤整,strong,-7.974
6643,2021-08-10,盤整,strong,0.113
2338,2021-08-11,盤整,strong,7.819
2421,2021-08-11,盤整,strong,2.433
2436,2021-08-11,盤整,strong,3.443
3227,2021-08-11,盤整,strong,-4.815
3305,2021-08-11,盤整,strong,-4.704
3317,2021-08-11,盤整,strong,5.997
3354,2021-08-11,盤整,strong,-2.029
3588,2021-08-11,盤整,strong,30.578
3707,2021-08-11,盤整,strong,19.695
5299,2021-08-11,盤整,strong,-2.301
6284,2021-08-11,盤整,strong,-7.23
6643,2021-08-11,盤整,strong,6.129
2338,2021-08-12,盤整,strong,9.129
3227,2021-08-12,盤整,strong,-2.431
3354,2021-08-12,盤整,strong,-1.676
2313,2021-08-13,盤整,strong,5.681
2338,2021-08-13,盤整,strong,20.348
2421,2021-08-13,盤整,strong,4.051
3227,2021-08-13,盤整,strong,0.977
5299,2021-08-13,盤整,strong,0.174
6175,2021-08-13,盤整,strong,-1.446
6182,2021-08-13,盤整,strong,17.619
6244,2021-08-13,盤整,strong,4.469
6284,2021-08-13,盤整,strong,-1.47
1802,2021-08-16,盤整,strong,2.562
2327,2021-08-16,盤整,strong,-3.126
2338,2021-08-16,盤整,strong,17.924
2367,2021-08-16,盤整,strong,7.48
2401,2021-08-16,盤整,strong,4.215
2421,2021-08-16,盤整,strong,6.42
2436,2021-08-16,盤整,strong,2.406
3227,2021-08-16,盤整,strong,-1.808
3234,2021-08-16,盤整,strong,3.246
3305,2021-08-16,盤整,strong,2.211
4576,2021-08-16,盤整,strong,4.201
6173,2021-08-16,盤整,strong,0.588
6175,2021-08-16,盤整,strong,3.184
6182,2021-08-16,盤整,strong,19.18
6244,2021-08-16,盤整,strong,7.203
6284,2021-08-16,盤整,strong,3.589
6443,2021-08-16,盤整,strong,13.855
5299,2021-09-07,盤整,strong,1.675
3149,2021-09-08,盤整,strong,2.669
5299,2021-09-08,盤整,strong,3.261
5425,2021-09-08,盤整,strong,3.218
8081,2021-09-08,盤整,strong,1.979
5299,2021-09-09,盤整,strong,0.852
6761,2021-10-19,盤整,strong,24.415
6761,2021-10-20,盤整,strong,14.953
3588,2021-12-14,盤整,strong,10.404
3675,2022-01-21,盤整,strong,16.436
6244,2022-01-24,盤整,strong,2.38
6573,2022-01-24,盤整,strong,4.737
2359,2022-01-25,盤整,strong,15.434
2409,2022-01-25,盤整,strong,2.445
3354,2022-01-25,盤整,strong,4.582
3481,2022-01-25,盤整,strong,0.014
3675,2022-01-25,盤整,strong,21.662
6175,2022-01-25,盤整,strong,14.904
6284,2022-01-25,盤整,strong,2.55
6443,2022-01-25,盤整,strong,3.067
6573,2022-01-25,盤整,strong,6.195
2359,2022-01-26,盤整,strong,12.765
3675,2022-01-26,盤整,strong,18.721
6284,2022-01-26,盤整,strong,2.53
6443,2022-01-26,盤整,strong,3.525
6573,2022-01-26,盤整,strong,7.064
2359,2022-02-07,盤整,strong,7.788
3675,2022-02-07,盤整,strong,16.52
5347,2022-02-07,盤整,strong,1.844
5347,2022-02-08,盤整,strong,-0.985
6770,2022-02-22,盤整,strong,-6.844
3016,2022-02-24,盤整,strong,5.24
6770,2022-02-24,盤整,strong,-4.689
2351,2022-02-25,盤整,strong,-3.237
6770,2022-02-25,盤整,strong,-6.555
6770,2022-07-29,盤整,strong,0.264
6415,2022-08-02,盤整,strong,21.047
6719,2022-08-02,盤整,strong,4.082
6770,2022-08-02,盤整,strong,7.773
6719,2022-08-03,盤整,strong,10.013
6770,2022-08-03,盤整,strong,4.247
6719,2022-08-04,盤整,strong,12.307
6770,2022-08-04,盤整,strong,3.954
3189,2022-09-01,盤整,strong,-5.966
3189,2022-09-02,盤整,strong,-8.074
6719,2022-09-05,盤整,strong,-3.87
6770,2022-09-05,盤整,strong,0.709
3588,2022-09-06,盤整,strong,-1.602
6719,2022-09-06,盤整,strong,0.58
3189,2022-09-07,盤整,strong,-11.897
3305,2022-09-07,盤整,strong,-8.892
3588,2022-09-07,盤整,strong,-4.844
5299,2022-09-07,盤整,strong,-2.847
6138,2022-09-07,盤整,strong,-2.238
6719,2022-09-07,盤整,strong,-6.73
6770,2022-09-07,盤整,strong,0.557
3588,2022-09-08,盤整,strong,-15.543
3675,2022-09-08,盤整,strong,-2.357
6138,2022-09-08,盤整,strong,-9.156
3675,2022-09-12,盤整,strong,3.518
6138,2022-09-12,盤整,strong,-8.023
2375,2022-09-14,盤整,strong,-19.437
2375,2022-09-15,盤整,strong,-17.417
2375,2022-09-16,盤整,strong,-15.375
1802,2022-12-20,盤整,strong,-1.279
3588,2022-12-20,盤整,strong,0.142
1802,2022-12-21,盤整,strong,3.162
3189,2022-12-21,盤整,strong,-1.052
3481,2022-12-21,盤整,strong,7.71
3588,2022-12-21,盤整,strong,1.942
3675,2022-12-21,盤整,strong,0.921
1802,2022-12-22,盤整,strong,6.353
6415,2023-03-13,盤整,strong,-0.539
6415,2023-03-14,盤整,strong,-4.988
6415,2023-03-15,盤整,strong,-2.827
6415,2023-03-16,盤整,strong,-6.287
2454,2023-04-19,盤整,strong,1.533
2454,2023-04-20,盤整,strong,-0.733
3707,2023-04-21,盤整,strong,-2.382
5425,2023-04-24,盤整,strong,-2.916
2338,2023-04-25,盤整,strong,-2.364
3016,2023-04-25,盤整,strong,-0.747
3707,2023-04-25,盤整,strong,-2.027
4919,2023-04-25,盤整,strong,-3.71
5425,2023-04-25,盤整,strong,-0.033
6643,2023-04-25,盤整,strong,11.777
2338,2023-04-26,盤整,strong,-4.819
2351,2023-04-26,盤整,strong,1.589
3707,2023-04-26,盤整,strong,-3.166
6643,2023-04-26,盤整,strong,13.937
3016,2023-04-27,盤整,strong,-2.034
3707,2023-04-27,盤整,strong,-3.453
6643,2023-04-27,盤整,strong,7.039
3149,2023-05-10,盤整,strong,-3.517
2359,2023-05-11,盤整,strong,2.555
3149,2023-05-11,盤整,strong,3.344
6138,2023-05-11,盤整,strong,5.197
6244,2023-05-11,盤整,strong,0.908
3149,2023-05-16,盤整,strong,4.327
6138,2023-05-16,盤整,strong,10.678
6415,2023-05-16,盤整,strong,2.107
3149,2023-05-17,盤整,strong,4.971
6415,2023-05-17,盤整,strong,-2.796
3149,2023-05-18,盤整,strong,5.359
3149,2023-05-19,盤整,strong,7.216
6415,2023-05-19,盤整,strong,2.619
6643,2023-08-02,盤整,strong,1.222
3706,2023-08-10,盤整,strong,-4.723
2342,2023-08-11,盤整,strong,0.856
2481,2023-08-11,盤整,strong,-4.784
5425,2023-08-11,盤整,strong,-0.084
2342,2023-08-14,盤整,strong,2.778
2356,2023-08-14,盤整,strong,-2.736
2481,2023-08-14,盤整,strong,-1.061
3016,2023-08-14,盤整,strong,-1.093
3149,2023-08-14,盤整,strong,7.415
4540,2023-08-14,盤整,strong,-4.283
5425,2023-08-14,盤整,strong,0.8
6138,2023-08-14,盤整,strong,2.528
2481,2023-08-15,盤整,strong,2.475
3016,2023-08-15,盤整,strong,2.714
3149,2023-08-15,盤整,strong,9.899
5425,2023-08-15,盤整,strong,7.482
6138,2023-08-15,盤整,strong,5.015
6719,2023-08-15,盤整,strong,4.391
2481,2023-08-16,盤整,strong,3.131
3016,2023-08-16,盤整,strong,3.793
3149,2023-08-16,盤整,strong,18.114
3481,2023-08-16,盤整,strong,-4.923
6415,2023-08-24,盤整,strong,17.867
3675,2023-11-03,盤整,strong,11.263
2355,2024-04-16,盤整,strong,-1.552
3588,2024-04-16,盤整,strong,-3.003
3706,2024-04-16,盤整,strong,-2.239
3588,2024-04-17,盤整,strong,-3.893
3588,2024-04-18,盤整,strong,-4.018
2049,2024-04-19,盤整,strong,2.916
2421,2024-04-19,盤整,strong,2.106
2454,2024-04-19,盤整,strong,5.614
3588,2024-04-19,盤整,strong,-1.721
3706,2024-04-19,盤整,strong,-2.858
5299,2024-04-19,盤整,strong,1.148
6770,2024-04-19,盤整,strong,10.676
2356,2024-04-22,盤整,strong,4.434
2369,2024-04-22,盤整,strong,-0.12
2421,2024-04-22,盤整,strong,3.002
2454,2024-04-22,盤整,strong,10.133
3481,2024-04-22,盤整,strong,-0.585
3588,2024-04-22,盤整,strong,1.622
5299,2024-04-22,盤整,strong,2.621
6643,2024-04-22,盤整,strong,-4.367
6719,2024-04-22,盤整,strong,4.862
6770,2024-04-22,盤整,strong,12.2
2449,2024-04-23,盤整,strong,-10.923
5299,2024-04-23,盤整,strong,1.774
6719,2024-04-23,盤整,strong,2.112
6770,2024-04-23,盤整,strong,11.406
3149,2024-07-19,盤整,strong,-17.807
6761,2024-07-19,盤整,strong,5.881
8255,2024-07-19,盤整,strong,-15.059
3149,2024-07-22,盤整,strong,-17.123
3234,2024-07-22,盤整,strong,-17.353
6761,2024-07-22,盤整,strong,6.933
6770,2024-07-22,盤整,strong,-11.292
8255,2024-07-22,盤整,strong,-16.808
3149,2024-07-23,盤整,strong,-10.667
3234,2024-07-23,盤整,strong,-10.532
2382,2024-07-26,盤整,strong,-4.542
3149,2024-07-26,盤整,strong,-11.985
3234,2024-07-26,盤整,strong,-14.585
3588,2024-07-26,盤整,strong,-10.726
3675,2024-07-26,盤整,strong,-4.519
5425,2024-07-26,盤整,strong,-8.452
6207,2024-07-26,盤整,strong,-4.933
6761,2024-07-26,盤整,strong,8.705
8255,2024-07-26,盤整,strong,-9.244
2356,2024-07-29,盤整,strong,1.117
2369,2024-07-29,盤整,strong,-3.609
2382,2024-07-29,盤整,strong,-0.397
2401,2024-07-29,盤整,strong,-1.843
2421,2024-07-29,盤整,strong,-0.261
2436,2024-07-29,盤整,strong,3.674
3149,2024-07-29,盤整,strong,-10.109
3234,2024-07-29,盤整,strong,-11.007
3354,2024-07-29,盤整,strong,-6.113
3588,2024-07-29,盤整,strong,-5.855
3675,2024-07-29,盤整,strong,1.312
5425,2024-07-29,盤整,strong,-1.224
6207,2024-07-29,盤整,strong,8.243
6284,2024-07-29,盤整,strong,-1.32
2356,2024-07-30,盤整,strong,1.229
2382,2024-07-30,盤整,strong,2.653
3234,2024-07-30,盤整,strong,-10.351
3588,2024-07-30,盤整,strong,-6.67
3675,2024-07-30,盤整,strong,0.905
5425,2024-07-30,盤整,strong,-2.475
6202,2024-07-30,盤整,strong,-7.11
6643,2024-07-30,盤整,strong,-19.504
2356,2024-07-31,盤整,strong,-3.952
2359,2024-07-31,盤整,strong,8.053
4919,2024-07-31,盤整,strong,-20.865
6202,2024-07-31,盤整,strong,-7.567
2313,2024-08-02,盤整,strong,7.363
2454,2024-08-02,盤整,strong,25.546
4919,2024-08-02,盤整,strong,-3.789
6202,2024-08-02,盤整,strong,1.576
6643,2024-08-02,盤整,strong,8.807
0050,2024-08-05,盤整,strong,9.248
0056,2024-08-05,盤整,strong,8.102
006208,2024-08-05,盤整,strong,9.785
00935,2024-08-05,盤整,strong,15.311
1802,2024-08-05,盤整,strong,1.338
2313,2024-08-05,盤整,strong,10.166
2317,2024-08-05,盤整,strong,6.908
2327,2024-08-05,盤整,strong,10.956
2330,2024-08-05,盤整,strong,11.512
2338,2024-08-05,盤整,strong,0.364
2342,2024-08-05,盤整,strong,4.816
2351,2024-08-05,盤整,strong,36.856
2355,2024-08-05,盤整,strong,3.351
2356,2024-08-05,盤整,strong,1.189
2359,2024-08-05,盤整,strong,9.68
2367,2024-08-05,盤整,strong,10.844
2369,2024-08-05,盤整,strong,9.387
2375,2024-08-05,盤整,strong,9.35
2382,2024-08-05,盤整,strong,13.243
2401,2024-08-05,盤整,strong,10.94
2409,2024-08-05,盤整,strong,5.888
2421,2024-08-05,盤整,strong,7.28
2436,2024-08-05,盤整,strong,14.847
2449,2024-08-05,盤整,strong,24.543
2454,2024-08-05,盤整,strong,14.094
2464,2024-08-05,盤整,strong,12.218
2472,2024-08-05,盤整,strong,6.726
2478,2024-08-05,盤整,strong,8.623
2481,2024-08-05,盤整,strong,8.895
2492,2024-08-05,盤整,strong,3.243
3015,2024-08-05,盤整,strong,4.288
3016,2024-08-05,盤整,strong,7.107
3227,2024-08-05,盤整,strong,29.48
3234,2024-08-05,盤整,strong,17.15
3317,2024-08-05,盤整,strong,19.025
3354,2024-08-05,盤整,strong,10.37
3481,2024-08-05,盤整,strong,9.898
3588,2024-08-05,盤整,strong,14.13
3675,2024-08-05,盤整,strong,10.766
3706,2024-08-05,盤整,strong,12.492
3707,2024-08-05,盤整,strong,21.18
3711,2024-08-05,盤整,strong,12.968
4576,2024-08-05,盤整,strong,34.443
4919,2024-08-05,盤整,strong,-1.039
5285,2024-08-05,盤整,strong,13.067
5299,2024-08-05,盤整,strong,5.399
5425,2024-08-05,盤整,strong,12.113
6138,2024-08-05,盤整,strong,10.06
6173,2024-08-05,盤整,strong,5.972
6175,2024-08-05,盤整,strong,7.245
6182,2024-08-05,盤整,strong,4.476
6202,2024-08-05,盤整,strong,11.382
6207,2024-08-05,盤整,strong,34.152
6244,2024-08-05,盤整,strong,2.379
6282,2024-08-05,盤整,strong,9.103
6284,2024-08-05,盤整,strong,18.239
6415,2024-08-05,盤整,strong,9.769
6435,2024-08-05,盤整,strong,6.016
6443,2024-08-05,盤整,strong,1.291
6525,2024-08-05,盤整,strong,5.106
6548,2024-08-05,盤整,strong,7.415
6573,2024-08-05,盤整,strong,4.125
6643,2024-08-05,盤整,strong,4.623
6719,2024-08-05,盤整,strong,5.437
6770,2024-08-05,盤整,strong,3.68
8081,2024-08-05,盤整,strong,-0.363
8255,2024-08-05,盤整,strong,5.316
8261,2024-08-05,盤整,strong,8.558
0050,2024-08-06,盤整,strong,6.451
006208,2024-08-06,盤整,strong,6.792
00935,2024-08-06,盤整,strong,9.038
1802,2024-08-06,盤整,strong,2.641
2313,2024-08-06,盤整,strong,11.763
2317,2024-08-06,盤整,strong,7.995
2327,2024-08-06,盤整,strong,11.985
2330,2024-08-06,盤整,strong,5.741
2338,2024-08-06,盤整,strong,3.022
2342,2024-08-06,盤整,strong,6.902
2351,2024-08-06,盤整,strong,21.487
2355,2024-08-06,盤整,strong,4.052
2356,2024-08-06,盤整,strong,4.758
2359,2024-08-06,盤整,strong,13.701
2367,2024-08-06,盤整,strong,13.63
2369,2024-08-06,盤整,strong,9.779
2375,2024-08-06,盤整,strong,13.365
2382,2024-08-06,盤整,strong,14.517
2401,2024-08-06,盤整,strong,14.282
2409,2024-08-06,盤整,strong,8.874
2421,2024-08-06,盤整,strong,4.661
2436,2024-08-06,盤整,strong,13.293
2449,2024-08-06,盤整,strong,21.864
2464,2024-08-06,盤整,strong,19.006
2472,2024-08-06,盤整,strong,6.903
2478,2024-08-06,盤整,strong,9.057
2481,2024-08-06,盤整,strong,13.271
2492,2024-08-06,盤整,strong,5.356
3015,2024-08-06,盤整,strong,7.998
3016,2024-08-06,盤整,strong,11.547
3149,2024-08-06,盤整,strong,6.962
3189,2024-08-06,盤整,strong,10.887
3227,2024-08-06,盤整,strong,37.591
3234,2024-08-06,盤整,strong,20.115
3305,2024-08-06,盤整,strong,8.082
3317,2024-08-06,盤整,strong,19.515
3354,2024-08-06,盤整,strong,11.844
3481,2024-08-06,盤整,strong,13.931
3588,2024-08-06,盤整,strong,11.397
3675,2024-08-06,盤整,strong,11.915
3706,2024-08-06,盤整,strong,12.124
3707,2024-08-06,盤整,strong,26.599
3711,2024-08-06,盤整,strong,7.189
4576,2024-08-06,盤整,strong,35.15
4919,2024-08-06,盤整,strong,6.409
5299,2024-08-06,盤整,strong,8.156
5425,2024-08-06,盤整,strong,11.848
6138,2024-08-06,盤整,strong,7.377
6173,2024-08-06,盤整,strong,7.916
6175,2024-08-06,盤整,strong,8.002
6182,2024-08-06,盤整,strong,6.019
6202,2024-08-06,盤整,strong,12.435
6207,2024-08-06,盤整,strong,37.346
6215,2024-08-06,盤整,strong,20.497
6244,2024-08-06,盤整,strong,5.999
6282,2024-08-06,盤整,strong,9.163
6284,2024-08-06,盤整,strong,20.271
6415,2024-08-06,盤整,strong,12.842
6435,2024-08-06,盤整,strong,10.044
6443,2024-08-06,盤整,strong,5.0
6548,2024-08-06,盤整,strong,6.507
6573,2024-08-06,盤整,strong,8.957
6643,2024-08-06,盤整,strong,17.391
6719,2024-08-06,盤整,strong,14.368
6770,2024-08-06,盤整,strong,5.513
8081,2024-08-06,盤整,strong,2.383
8255,2024-08-06,盤整,strong,6.868
8261,2024-08-06,盤整,strong,10.948
2313,2024-08-07,盤整,strong,6.828
2338,2024-08-07,盤整,strong,5.248
2369,2024-08-07,盤整,strong,6.172
2409,2024-08-07,盤整,strong,12.124
2464,2024-08-07,盤整,strong,11.343
3015,2024-08-07,盤整,strong,7.502
3016,2024-08-07,盤整,strong,7.838
3354,2024-08-07,盤整,strong,8.111
4919,2024-08-07,盤整,strong,1.743
6182,2024-08-07,盤整,strong,3.046
6207,2024-08-07,盤整,strong,25.605
6244,2024-08-07,盤整,strong,2.171
6443,2024-08-07,盤整,strong,-1.974
6573,2024-08-07,盤整,strong,4.38
6643,2024-08-07,盤整,strong,16.786
6719,2024-08-07,盤整,strong,14.032
4919,2024-08-08,盤整,strong,5.439
6643,2024-08-08,盤整,strong,14.844
6719,2024-08-08,盤整,strong,12.824
4919,2024-08-09,盤整,strong,8.195
2313,2024-10-09,盤整,strong,1.637
4540,2024-10-09,盤整,strong,23.613
2351,2024-10-30,盤整,strong,-17.308
2327,2024-11-01,盤整,strong,-3.515
2337,2024-11-01,盤整,strong,-5.378
3234,2024-11-01,盤整,strong,2.439
6138,2024-11-01,盤整,strong,-9.234
6284,2024-11-01,盤整,strong,-6.217
2327,2024-11-04,盤整,strong,-1.327
2337,2024-11-04,盤整,strong,-2.172
6284,2024-11-04,盤整,strong,-2.235
2351,2024-11-12,盤整,strong,4.278
6207,2024-11-12,盤整,strong,-8.117
6443,2024-11-12,盤整,strong,-0.067
2351,2024-11-13,盤整,strong,2.445
6207,2024-11-13,盤整,strong,-7.751
6443,2024-11-13,盤整,strong,4.402
2337,2024-11-14,盤整,strong,-1.531
2351,2024-11-14,盤整,strong,3.603
3227,2024-11-14,盤整,strong,1.082
5285,2024-11-14,盤整,strong,-5.981
6415,2024-11-14,盤整,strong,-7.948
6443,2024-11-14,盤整,strong,5.329
3227,2024-11-15,盤整,strong,4.106
5285,2024-11-15,盤整,strong,-3.532
6573,2024-11-15,盤整,strong,0.785
2351,2024-11-18,盤整,strong,1.861
3227,2024-11-18,盤整,strong,8.821
4576,2024-11-18,盤整,strong,-6.758
5285,2024-11-18,盤整,strong,-1.15
6573,2024-11-18,盤整,strong,-1.256
5285,2024-11-19,盤整,strong,0.942
5285,2024-11-20,盤整,strong,1.133
1303,2024-12-12,盤整,strong,-10.99
1303,2024-12-13,盤整,strong,-10.465
6770,2024-12-13,盤整,strong,4.333
1303,2024-12-16,盤整,strong,-11.064
3354,2024-12-16,盤整,strong,1.275
3707,2024-12-16,盤整,strong,10.365
6182,2024-12-16,盤整,strong,3.246
6770,2024-12-16,盤整,strong,4.02
1303,2024-12-17,盤整,strong,-10.253
2449,2024-12-17,盤整,strong,1.217
1303,2024-12-18,盤整,strong,-10.767
3706,2024-12-18,盤整,strong,-6.476
1303,2024-12-19,盤整,strong,-5.165
3706,2024-12-19,盤整,strong,-6.171
1303,2024-12-23,盤整,strong,-6.975
6244,2024-12-23,盤整,strong,4.015
1303,2024-12-24,盤整,strong,-10.648
1303,2024-12-31,盤整,strong,5.476
8374,2025-01-09,盤整,strong,-9.748
1802,2025-01-10,盤整,strong,10.082
3675,2025-01-10,盤整,strong,2.657
6182,2025-01-10,盤整,strong,-1.011
6643,2025-01-10,盤整,strong,-1.332
8374,2025-01-10,盤整,strong,-5.02
2337,2025-01-13,盤整,strong,7.493
2359,2025-01-13,盤整,strong,-2.315
2464,2025-01-13,盤整,strong,1.47
3016,2025-01-13,盤整,strong,4.39
3675,2025-01-13,盤整,strong,5.959
3707,2025-01-13,盤整,strong,7.367
4540,2025-01-13,盤整,strong,8.845
6182,2025-01-13,盤整,strong,2.634
6443,2025-01-13,盤整,strong,8.703
6643,2025-01-13,盤整,strong,11.441
6770,2025-01-13,盤整,strong,31.545
8261,2025-01-13,盤整,strong,11.931
8374,2025-01-13,盤整,strong,-0.585
2359,2025-01-14,盤整,strong,-0.585
3675,2025-01-14,盤整,strong,3.984
6643,2025-01-14,盤整,strong,14.358
8374,2025-01-14,盤整,strong,-0.168
2359,2025-01-15,盤整,strong,-0.931
3675,2025-01-15,盤整,strong,1.445
6643,2025-01-15,盤整,strong,9.368
2382,2025-02-03,盤整,strong,8.713
2356,2025-02-04,盤整,strong,3.748
2382,2025-02-04,盤整,strong,13.852
2449,2025-02-04,盤整,strong,15.109
6215,2025-03-04,盤整,strong,-11.55
6215,2025-03-05,盤整,strong,-13.041
6215,2025-03-06,盤整,strong,-11.453
3706,2025-03-07,盤整,strong,-3.78
6215,2025-03-07,盤整,strong,-13.062
3706,2025-03-10,盤整,strong,-1.72
3706,2025-03-11,盤整,strong,-3.145
4540,2025-03-11,盤整,strong,-0.983
4576,2025-03-11,盤整,strong,-5.567
6215,2025-03-11,盤整,strong,-1.541
1303,2025-06-02,盤整,strong,2.652
3016,2025-06-02,盤整,strong,1.834
3707,2025-06-02,盤整,strong,0.017
6415,2025-06-02,盤整,strong,10.078
3707,2025-06-03,盤整,strong,4.323
6573,2025-06-23,盤整,strong,-0.585
6443,2025-09-02,盤整,strong,5.944
3707,2025-11-07,盤整,strong,-8.637
4919,2025-11-07,盤整,strong,-6.088
4919,2025-11-11,盤整,strong,-0.959
6215,2025-11-17,盤整,strong,0.405
6415,2025-11-17,盤整,strong,3.582
2049,2025-11-18,盤整,strong,3.168
3227,2025-11-18,盤整,strong,2.138
4540,2025-11-18,盤整,strong,3.84
4576,2025-11-18,盤整,strong,3.915
6215,2025-11-18,盤整,strong,2.534
6415,2025-11-18,盤整,strong,5.764
6761,2025-11-18,盤整,strong,7.645
8374,2025-11-18,盤整,strong,0.079
2049,2025-11-19,盤整,strong,2.845
2367,2025-11-19,盤整,strong,-0.378
3227,2025-11-19,盤整,strong,0.393
6215,2025-11-19,盤整,strong,12.367
6415,2025-11-19,盤整,strong,11.98
8081,2025-11-19,盤整,strong,0.148
8374,2025-11-19,盤整,strong,6.21
2049,2025-11-20,盤整,strong,7.003
2049,2025-11-21,盤整,strong,6.227
3015,2025-11-21,盤整,strong,7.634
3227,2025-11-21,盤整,strong,3.128
3305,2025-11-21,盤整,strong,6.089
4540,2025-11-21,盤整,strong,4.856
6415,2025-11-21,盤整,strong,11.637
6761,2025-11-21,盤整,strong,10.008
2049,2025-11-24,盤整,strong,8.182
6415,2025-11-24,盤整,strong,8.798
6443,2025-11-24,盤整,strong,23.382
2342,2026-03-04,盤整,strong,9.783
3588,2026-03-04,盤整,strong,2.426
5425,2026-03-04,盤整,strong,4.548
6138,2026-03-04,盤整,strong,6.881
6415,2026-03-04,盤整,strong,12.52
6719,2026-03-04,盤整,strong,-4.846
8374,2026-03-04,盤整,strong,-8.686
2359,2026-03-09,盤整,strong,-3.194
2375,2026-03-09,盤整,strong,-6.345
2421,2026-03-09,盤整,strong,-2.089
3305,2026-03-09,盤整,strong,-2.546
3588,2026-03-09,盤整,strong,2.975
5285,2026-03-09,盤整,strong,2.321
5347,2026-03-09,盤整,strong,-0.585
6215,2026-03-09,盤整,strong,-2.056
6282,2026-03-09,盤整,strong,0.31
6284,2026-03-09,盤整,strong,9.685
6415,2026-03-09,盤整,strong,15.67
6573,2026-03-09,盤整,strong,1.671
6719,2026-03-09,盤整,strong,-2.973
8374,2026-03-09,盤整,strong,-3.675
2421,2026-03-10,盤整,strong,6.312
8374,2026-03-10,盤整,strong,-5.081
2478,2026-03-24,盤整,strong,-1.835
6244,2026-03-24,盤整,strong,-11.773
2478,2026-03-27,盤整,strong,19.046
2454,2026-03-30,盤整,strong,23.677
6244,2026-03-30,盤整,strong,4.717
6443,2026-03-30,盤整,strong,-4.618
2454,2026-03-31,盤整,strong,23.609
3707,2026-03-31,盤整,strong,8.967
5425,2026-03-31,盤整,strong,21.082
6202,2026-03-31,盤整,strong,13.523
6244,2026-03-31,盤整,strong,3.952
6443,2026-03-31,盤整,strong,-9.464
6770,2026-03-31,盤整,strong,-8.304
2454,2026-04-01,盤整,strong,26.082
6202,2026-04-02,盤整,strong,24.36
6443,2026-04-02,盤整,strong,-1.344
2382,2026-05-19,盤整,strong,43.956
2382,2026-05-20,盤整,strong,35.901
