date,equity,cash,invested,gross_pct,regime,n_positions
2019-08-28,1000000.0,600000.0,400000.0,0.4,空頭,3
2019-08-29,1000000.0,300000.0,700000.0,0.7,盤整,5
2019-08-30,1000000.0,300000.0,700000.0,0.7,盤整,5
2019-09-02,1000000.0,300000.0,700000.0,0.7,盤整,5
2019-09-03,1000000.0,300000.0,700000.0,0.7,盤整,5
2019-09-04,1000000.0,300000.0,700000.0,0.7,盤整,5
2019-09-05,1067308.57,300000.0,767308.57,0.7189,盤整,5
2019-09-06,1065167.99,300000.0,765167.99,0.7184,盤整,5
2019-09-10,1044886.49,300000.0,744886.49,0.7129,盤整,5
2019-09-11,1046500.49,300000.0,746500.49,0.7133,盤整,5
2019-09-12,1057514.7,300000.0,757514.7,0.7163,盤整,5
2019-09-16,1059559.59,300000.0,759559.59,0.7169,盤整,5
2019-09-17,1065129.99,300000.0,765129.99,0.7183,盤整,5
2019-09-18,1060894.53,300000.0,760894.53,0.7172,盤整,5
2019-09-19,1058293.28,300000.0,758293.28,0.7165,盤整,5
2019-09-20,1071236.55,300000.0,771236.55,0.7199,盤整,5
2019-09-23,1081013.37,300000.0,781013.37,0.7225,盤整,5
2019-09-24,1076181.46,0.0,1076181.46,1.0,多頭,7
2019-09-25,1073832.95,0.0,1073832.95,1.0,多頭,7
2019-09-26,1057786.72,0.0,1057786.72,1.0,多頭,7
2019-09-27,1049925.07,0.0,1049925.07,1.0,多頭,7
2019-10-01,1058297.24,0.0,1058297.24,1.0,多頭,7
2019-10-02,1067653.91,0.0,1067653.91,1.0,多頭,7
2019-10-03,1067780.28,0.0,1067780.28,1.0,多頭,7
2019-10-04,1067348.8,0.0,1067348.8,1.0,多頭,7
2019-10-07,1079742.05,0.0,1079742.05,1.0,多頭,7
2019-10-08,1106965.13,0.0,1106965.13,1.0,多頭,7
2019-10-09,1100093.7,0.0,1100093.7,1.0,盤整,7
2019-10-14,1135619.94,0.0,1135619.94,1.0,多頭,7
2019-10-15,1135134.66,0.0,1135134.66,1.0,多頭,7
2019-10-16,1134979.82,0.0,1134979.82,1.0,多頭,7
2019-10-17,1149353.72,0.0,1149353.72,1.0,多頭,7
2019-10-18,1157797.67,0.0,1157797.67,1.0,多頭,7
2019-10-21,1152839.21,0.0,1152839.21,1.0,多頭,7
2019-10-22,1150186.18,0.0,1150186.18,1.0,多頭,7
2019-10-23,1156335.09,0.0,1156335.09,1.0,多頭,7
2019-10-24,1161892.88,0.0,1161892.88,1.0,多頭,7
2019-10-25,1154661.93,0.0,1154661.93,1.0,多頭,7
2019-10-28,1161772.05,0.0,1161772.05,1.0,多頭,7
2019-10-29,1159162.62,0.0,1159162.62,1.0,多頭,7
2019-10-30,1170212.26,0.0,1170212.26,1.0,多頭,7
2019-10-31,1164615.55,0.0,1164615.55,1.0,多頭,7
2019-11-01,1155276.21,0.0,1155276.21,1.0,多頭,7
2019-11-04,1186295.75,0.0,1186295.75,1.0,多頭,7
2019-11-05,1193472.42,0.0,1193472.42,1.0,多頭,7
2019-11-06,1181633.57,0.0,1181633.57,1.0,多頭,7
2019-11-07,1167462.2,0.0,1167462.2,1.0,多頭,7
2019-11-08,1173017.16,0.0,1173017.16,1.0,多頭,7
2019-11-11,1160015.72,0.0,1160015.72,1.0,多頭,7
2019-11-12,1195857.1,0.0,1195857.1,1.0,多頭,7
2019-11-13,1190078.23,0.0,1190078.23,1.0,多頭,7
2019-11-14,1179681.03,0.0,1179681.03,1.0,多頭,7
2019-11-15,1180904.14,0.0,1180904.14,1.0,多頭,7
2019-11-18,1191364.64,0.0,1191364.64,1.0,多頭,7
2019-11-19,1194516.7,0.0,1194516.7,1.0,多頭,7
2019-11-20,1190663.41,0.0,1190663.41,1.0,多頭,7
2019-11-21,1188614.2,0.0,1188614.2,1.0,多頭,7
2019-11-22,1182542.89,0.0,1182542.89,1.0,多頭,7
2019-11-25,1178551.39,0.0,1178551.39,1.0,多頭,7
2019-11-26,1184290.57,0.0,1184290.57,1.0,多頭,7
2019-11-27,1182412.14,0.0,1182412.14,1.0,多頭,7
2019-11-28,1177627.97,0.0,1177627.97,1.0,多頭,7
2019-11-29,1166013.82,0.0,1166013.82,1.0,盤整,7
2019-12-02,1166794.15,350161.0,816633.15,0.6999,盤整,5
2019-12-03,1166763.42,349741.2,817022.22,0.7002,盤整,5
2019-12-04,1162995.78,349741.2,813254.59,0.6993,盤整,5
2019-12-05,1165891.92,0.0,1165891.92,1.0,多頭,7
2019-12-06,1167511.34,0.0,1167511.34,1.0,多頭,7
2019-12-09,1166318.6,0.0,1166318.6,1.0,多頭,7
2019-12-10,1170197.31,0.0,1170197.31,1.0,多頭,7
2019-12-11,1190382.77,0.0,1190382.77,1.0,多頭,7
2019-12-12,1189964.24,0.0,1189964.24,1.0,多頭,7
2019-12-13,1172520.75,0.0,1172520.75,1.0,多頭,7
2019-12-16,1183118.48,0.0,1183118.48,1.0,多頭,7
2019-12-17,1177206.1,0.0,1177206.1,1.0,多頭,7
2019-12-18,1173725.01,0.0,1173725.01,1.0,多頭,7
2019-12-19,1170828.58,0.0,1170828.58,1.0,多頭,7
2019-12-20,1176572.12,0.0,1176572.12,1.0,多頭,7
2019-12-23,1167790.12,0.0,1167790.12,1.0,多頭,7
2019-12-24,1182465.29,0.0,1182465.29,1.0,多頭,7
2019-12-25,1196327.15,0.0,1196327.15,1.0,多頭,7
2019-12-26,1197592.08,0.0,1197592.08,1.0,多頭,7
2019-12-27,1216250.72,0.0,1216250.72,1.0,多頭,7
2019-12-30,1236745.21,0.0,1236745.21,1.0,多頭,7
2019-12-31,1224341.92,0.0,1224341.92,1.0,多頭,7
2020-01-02,1242987.88,102406.88,1140581.0,0.9176,多頭,7
2020-01-03,1227814.38,0.0,1227814.38,1.0,多頭,8
2020-01-06,1207832.41,346187.19,861645.21,0.7134,盤整,6
2020-01-07,1200685.11,346187.19,854497.92,0.7117,盤整,6
2020-01-08,1198335.62,346187.19,852148.42,0.7111,盤整,6
2020-01-09,1209793.38,346187.19,863606.18,0.7138,盤整,6
2020-01-10,1212054.12,0.0,1212054.12,1.0,多頭,8
2020-01-13,1233241.32,0.0,1233241.32,1.0,多頭,8
2020-01-14,1238489.53,0.0,1238489.53,1.0,多頭,8
2020-01-15,1239967.59,0.0,1239967.59,1.0,多頭,8
2020-01-16,1243220.56,0.0,1243220.56,1.0,多頭,8
2020-01-17,1244394.79,0.0,1244394.79,1.0,多頭,8
2020-01-20,1261743.05,0.0,1261743.05,1.0,多頭,8
2020-01-30,1151895.51,0.0,1151895.51,1.0,盤整,8
2020-01-31,1153716.86,0.0,1153716.86,1.0,盤整,8
2020-02-03,1146809.42,0.0,1146809.42,1.0,盤整,8
2020-02-04,1182630.66,275816.24,906814.42,0.7668,盤整,6
2020-02-05,1170115.15,275816.24,894298.91,0.7643,盤整,6
2020-02-06,1193226.28,275816.24,917410.04,0.7688,盤整,6
2020-02-07,1166066.57,275816.24,890250.32,0.7635,盤整,6
2020-02-10,1149503.7,344851.11,804652.59,0.7,盤整,6
2020-02-11,1156022.7,348035.25,807987.45,0.6989,盤整,6
2020-02-12,1160985.72,348369.83,812615.89,0.6999,盤整,6
2020-02-13,1154108.51,348369.83,805738.67,0.6981,盤整,6
2020-02-14,1164602.34,0.0,1164602.34,1.0,多頭,9
2020-02-17,1162597.73,0.0,1162597.73,1.0,盤整,9
2020-02-18,1165370.7,0.0,1165370.7,1.0,空頭,9
2020-02-19,1172214.38,351704.17,820510.21,0.7,盤整,8
2020-02-20,1178472.43,351704.17,826768.26,0.7016,空頭,8
2020-02-21,1178252.73,351704.17,826548.56,0.7015,空頭,8
2020-02-24,1191702.59,351704.17,839998.42,0.7049,空頭,8
2020-02-25,1184058.16,351704.17,832353.99,0.703,空頭,8
2020-02-26,1154220.03,351704.17,802515.86,0.6953,空頭,8
2020-02-27,1110208.0,351704.17,758503.83,0.6832,空頭,8
2020-03-02,1117961.55,351704.17,766257.38,0.6854,空頭,8
2020-03-03,1127100.62,351704.17,775396.45,0.688,空頭,8
2020-03-04,1117315.64,351704.17,765611.47,0.6852,空頭,8
2020-03-05,1132293.46,351704.17,780589.29,0.6894,空頭,8
2020-03-06,1124162.78,351704.17,772458.61,0.6871,空頭,8
2020-03-09,1090994.54,351704.17,739290.37,0.6776,空頭,8
2020-03-10,1102546.94,351704.17,750842.77,0.681,空頭,8
2020-03-11,1069694.78,399964.08,669730.7,0.6261,空頭,7
2020-03-12,1024625.84,630047.96,394577.87,0.3851,空頭,5
2020-03-13,1012250.44,707432.21,304818.23,0.3011,空頭,4
2020-03-16,993092.58,707432.21,285660.38,0.2876,空頭,4
2020-03-17,986354.44,978500.24,7854.2,0.008,空頭,1
2020-03-18,986050.83,978500.24,7550.59,0.0077,空頭,1
2020-03-19,985311.2,978500.24,6810.96,0.0069,空頭,1
2020-03-20,985788.55,985788.55,0.0,0.0,空頭,0
2020-03-23,985788.55,985788.55,0.0,0.0,空頭,0
2020-03-24,985788.55,985788.55,0.0,0.0,空頭,0
2020-03-25,985788.55,985788.55,0.0,0.0,空頭,0
2020-03-26,985788.55,985788.55,0.0,0.0,空頭,0
2020-03-27,985788.55,985788.55,0.0,0.0,空頭,0
2020-03-30,985788.55,985788.55,0.0,0.0,空頭,0
2020-03-31,987527.6,853998.64,133528.97,0.1352,空頭,1
2020-04-01,985788.55,853998.64,131789.91,0.1337,空頭,1
2020-04-06,988011.81,721743.74,266268.07,0.2695,空頭,2
2020-04-07,981175.59,295881.83,685293.76,0.6984,盤整,8
2020-04-08,998837.69,295881.83,702955.87,0.7038,盤整,8
2020-04-09,991767.18,295881.83,695885.36,0.7017,盤整,8
2020-04-10,1001824.9,295881.83,705943.07,0.7047,盤整,8
2020-04-13,995335.41,295881.83,699453.58,0.7027,盤整,8
2020-04-14,1010906.41,295881.83,715024.58,0.7073,盤整,8
2020-04-15,1015501.95,295881.83,719620.12,0.7086,盤整,8
2020-04-16,1021110.68,295881.83,725228.86,0.7102,盤整,8
2020-04-17,1020094.53,295881.83,724212.71,0.7099,盤整,8
2020-04-20,1023800.53,295881.83,727918.71,0.711,盤整,8
2020-04-21,1005220.93,295881.83,709339.1,0.7057,盤整,8
2020-04-22,1014149.05,295881.83,718267.23,0.7082,盤整,8
2020-04-23,1010829.52,295881.83,714947.7,0.7073,盤整,8
2020-04-24,1013151.65,295881.83,717269.82,0.708,盤整,8
2020-04-27,1032171.21,295881.83,736289.38,0.7133,盤整,8
2020-04-28,1030726.3,295881.83,734844.48,0.7129,盤整,8
2020-04-29,1040661.08,295881.83,744779.25,0.7157,盤整,8
2020-04-30,1055916.56,295881.83,760034.73,0.7198,盤整,8
2020-05-04,1042589.15,313158.07,729431.08,0.6996,盤整,8
2020-05-05,1043575.16,313158.07,730417.09,0.6999,盤整,8
2020-05-06,1043898.26,313869.77,730028.49,0.6993,盤整,9
2020-05-07,1038881.02,314649.41,724231.61,0.6971,盤整,8
2020-05-08,1052687.1,314649.41,738037.69,0.7011,盤整,8
2020-05-11,1062741.43,0.0,1062741.43,1.0,多頭,11
2020-05-12,1053521.65,0.0,1053521.65,1.0,多頭,11
2020-05-13,1064642.7,0.0,1064642.7,1.0,多頭,11
2020-05-14,1015381.62,0.0,1015381.62,1.0,多頭,11
2020-05-15,1018288.18,0.0,1018288.18,1.0,多頭,11
2020-05-18,1013903.59,0.0,1013903.59,1.0,多頭,11
2020-05-19,1035121.73,0.0,1035121.73,1.0,多頭,11
2020-05-20,1045741.77,0.0,1045741.77,1.0,多頭,11
2020-05-21,1044314.7,0.0,1044314.7,1.0,多頭,11
2020-05-22,1030899.67,0.0,1030899.67,1.0,多頭,11
2020-05-25,1049146.26,0.0,1049146.26,1.0,多頭,11
2020-05-26,1069068.8,0.0,1069068.8,1.0,多頭,11
2020-05-27,1080924.76,0.0,1080924.76,1.0,多頭,11
2020-05-28,1067523.3,0.0,1067523.3,1.0,多頭,11
2020-05-29,1068696.85,0.0,1068696.85,1.0,多頭,11
2020-06-01,1089846.1,0.0,1089846.1,1.0,多頭,11
2020-06-02,1086805.61,0.0,1086805.61,1.0,多頭,12
2020-06-03,1098616.32,0.0,1098616.32,1.0,多頭,12
2020-06-04,1103881.02,0.0,1103881.02,1.0,多頭,11
2020-06-05,1102639.11,0.0,1102639.11,1.0,多頭,10
2020-06-08,1094482.41,0.0,1094482.41,1.0,多頭,10
2020-06-09,1098101.44,0.0,1098101.44,1.0,多頭,9
2020-06-10,1096400.32,0.0,1096400.32,1.0,多頭,9
2020-06-11,1077600.09,0.0,1077600.09,1.0,多頭,9
2020-06-12,1070018.31,0.0,1070018.31,1.0,多頭,9
2020-06-15,1055126.43,0.0,1055126.43,1.0,多頭,9
2020-06-16,1081112.55,0.0,1081112.55,1.0,多頭,9
2020-06-17,1090011.04,0.0,1090011.04,1.0,多頭,9
2020-06-18,1098938.59,0.0,1098938.59,1.0,多頭,9
2020-06-19,1112806.33,0.0,1112806.33,1.0,多頭,9
2020-06-22,1125311.88,0.0,1125311.88,1.0,多頭,9
2020-06-23,1122879.15,0.0,1122879.15,1.0,多頭,9
2020-06-24,1130460.08,0.0,1130460.08,1.0,多頭,9
2020-06-29,1115980.61,0.0,1115980.61,1.0,多頭,9
2020-06-30,1123163.0,0.0,1123163.0,1.0,多頭,9
2020-07-01,1127773.65,0.0,1127773.65,1.0,多頭,9
2020-07-02,1150984.93,0.0,1150984.93,1.0,多頭,9
2020-07-03,1163354.37,0.0,1163354.37,1.0,多頭,8
2020-07-06,1200414.7,0.0,1200414.7,1.0,多頭,8
2020-07-07,1197123.72,0.0,1197123.72,1.0,多頭,8
2020-07-08,1214547.41,0.0,1214547.41,1.0,多頭,7
2020-07-09,1217880.06,0.0,1217880.06,1.0,多頭,7
2020-07-10,1182597.03,0.0,1182597.03,1.0,多頭,7
2020-07-13,1191083.01,0.0,1191083.01,1.0,多頭,7
2020-07-14,1188635.29,0.0,1188635.29,1.0,多頭,7
2020-07-15,1191414.73,0.0,1191414.73,1.0,多頭,7
2020-07-16,1184459.69,0.0,1184459.69,1.0,多頭,7
2020-07-17,1183056.27,0.0,1183056.27,1.0,多頭,7
2020-07-20,1184263.61,0.0,1184263.61,1.0,多頭,7
2020-07-21,1203729.69,0.0,1203729.69,1.0,多頭,7
2020-07-22,1218086.01,0.0,1218086.01,1.0,多頭,7
2020-07-23,1225206.61,0.0,1225206.61,1.0,多頭,7
2020-07-24,1205427.5,0.0,1205427.5,1.0,多頭,7
2020-07-27,1224025.4,0.0,1224025.4,1.0,多頭,7
2020-07-28,1218498.19,0.0,1218498.19,1.0,多頭,7
2020-07-29,1221743.72,0.0,1221743.72,1.0,多頭,7
2020-07-30,1239257.79,0.0,1239257.79,1.0,多頭,7
2020-07-31,1242493.91,0.0,1242493.91,1.0,多頭,7
2020-08-03,1231089.81,0.0,1231089.81,1.0,多頭,7
2020-08-04,1248285.51,0.0,1248285.51,1.0,多頭,7
2020-08-05,1271436.51,0.0,1271436.51,1.0,多頭,7
2020-08-06,1266423.29,0.0,1266423.29,1.0,多頭,8
2020-08-07,1264486.94,0.0,1264486.94,1.0,多頭,8
2020-08-10,1240514.7,0.0,1240514.7,1.0,多頭,9
2020-08-11,1237913.21,0.0,1237913.21,1.0,多頭,9
2020-08-12,1253601.64,0.0,1253601.64,1.0,多頭,9
2020-08-13,1242614.31,0.0,1242614.31,1.0,多頭,9
2020-08-14,1275467.85,0.0,1275467.85,1.0,多頭,9
2020-08-17,1298694.8,0.0,1298694.8,1.0,多頭,9
2020-08-18,1311962.75,0.0,1311962.75,1.0,多頭,9
2020-08-19,1300480.26,0.0,1300480.26,1.0,多頭,9
2020-08-20,1247781.3,0.0,1247781.3,1.0,盤整,9
2020-08-21,1278364.44,0.0,1278364.44,1.0,盤整,9
2020-08-24,1293609.18,0.0,1293609.18,1.0,盤整,9
2020-08-25,1324779.48,0.0,1324779.48,1.0,多頭,9
2020-08-26,1317741.18,0.0,1317741.18,1.0,多頭,9
2020-08-27,1316659.01,0.0,1316659.01,1.0,多頭,9
2020-08-28,1319884.49,0.0,1319884.49,1.0,盤整,9
2020-08-31,1327693.3,0.0,1327693.3,1.0,盤整,9
2020-09-01,1322725.36,113248.43,1209476.92,0.9144,盤整,8
2020-09-02,1366162.59,113248.43,1252914.16,0.9171,盤整,8
2020-09-03,1400663.33,0.0,1400663.33,1.0,多頭,8
2020-09-04,1422388.14,426938.61,995449.54,0.6998,盤整,5
2020-09-07,1411384.64,426938.61,984446.03,0.6975,盤整,5
2020-09-08,1374969.02,409167.25,965801.77,0.7024,盤整,5
2020-09-09,1371407.08,409167.25,962239.82,0.7016,盤整,5
2020-09-10,1386705.54,409167.25,977538.29,0.7049,盤整,5
2020-09-11,1366395.75,409167.25,957228.5,0.7005,盤整,5
2020-09-14,1377954.76,0.0,1377954.76,1.0,多頭,7
2020-09-15,1393241.94,0.0,1393241.94,1.0,多頭,7
2020-09-16,1387045.18,0.0,1387045.18,1.0,多頭,7
2020-09-17,1399501.55,0.0,1399501.55,1.0,多頭,7
2020-09-18,1400375.98,0.0,1400375.98,1.0,多頭,7
2020-09-21,1375922.71,0.0,1375922.71,1.0,多頭,7
2020-09-22,1368509.95,0.0,1368509.95,1.0,盤整,7
2020-09-23,1354309.2,0.0,1354309.2,1.0,盤整,7
2020-09-24,1302338.27,0.0,1302338.27,1.0,盤整,7
2020-09-25,1274682.23,0.0,1274682.23,1.0,盤整,7
2020-09-28,1315278.26,0.0,1315278.26,1.0,盤整,7
2020-09-29,1314474.17,0.0,1314474.17,1.0,盤整,7
2020-09-30,1324135.6,0.0,1324135.6,1.0,盤整,7
2020-10-05,1329355.3,0.0,1329355.3,1.0,盤整,7
2020-10-06,1354763.76,0.0,1354763.76,1.0,多頭,8
2020-10-07,1354032.77,0.0,1354032.77,1.0,多頭,8
2020-10-08,1367726.82,0.0,1367726.82,1.0,多頭,8
2020-10-12,1367480.91,0.0,1367480.91,1.0,多頭,8
2020-10-13,1365643.66,0.0,1365643.66,1.0,多頭,8
2020-10-14,1376052.54,0.0,1376052.54,1.0,多頭,8
2020-10-15,1352157.92,0.0,1352157.92,1.0,多頭,8
2020-10-16,1317530.67,0.0,1317530.67,1.0,多頭,9
2020-10-19,1329018.29,0.0,1329018.29,1.0,盤整,9
2020-10-20,1345993.92,0.0,1345993.92,1.0,盤整,9
2020-10-21,1352928.09,0.0,1352928.09,1.0,盤整,9
2020-10-22,1341246.39,0.0,1341246.39,1.0,盤整,9
2020-10-23,1362234.16,0.0,1362234.16,1.0,盤整,9
2020-10-26,1346860.61,0.0,1346860.61,1.0,盤整,9
2020-10-27,1353212.05,0.0,1353212.05,1.0,多頭,9
2020-10-28,1329663.19,0.0,1329663.19,1.0,多頭,9
2020-10-29,1333361.73,0.0,1333361.73,1.0,盤整,9
2020-10-30,1309428.68,0.0,1309428.68,1.0,盤整,9
2020-11-02,1298889.87,0.0,1298889.87,1.0,盤整,9
2020-11-03,1323314.07,0.0,1323314.07,1.0,盤整,9
2020-11-04,1327244.52,0.0,1327244.52,1.0,多頭,9
2020-11-05,1340889.89,0.0,1340889.89,1.0,多頭,9
2020-11-06,1339595.91,0.0,1339595.91,1.0,多頭,9
2020-11-09,1367729.42,0.0,1367729.42,1.0,多頭,9
2020-11-10,1348933.73,0.0,1348933.73,1.0,多頭,9
2020-11-11,1360754.53,0.0,1360754.53,1.0,多頭,9
2020-11-12,1347536.78,0.0,1347536.78,1.0,多頭,9
2020-11-13,1345973.74,0.0,1345973.74,1.0,多頭,9
2020-11-16,1364807.02,0.0,1364807.02,1.0,多頭,9
2020-11-17,1370224.52,0.0,1370224.52,1.0,多頭,9
2020-11-18,1389071.08,0.0,1389071.08,1.0,多頭,9
2020-11-19,1387641.02,0.0,1387641.02,1.0,多頭,9
2020-11-20,1419139.07,0.0,1419139.07,1.0,多頭,9
2020-11-23,1452432.82,0.0,1452432.82,1.0,多頭,9
2020-11-24,1426377.74,0.0,1426377.74,1.0,多頭,9
2020-11-25,1421243.11,0.0,1421243.11,1.0,多頭,9
2020-11-26,1460954.72,0.0,1460954.72,1.0,多頭,9
2020-11-27,1477898.66,0.0,1477898.66,1.0,多頭,9
2020-11-30,1506742.15,0.0,1506742.15,1.0,多頭,9
2020-12-01,1508709.24,0.0,1508709.24,1.0,多頭,9
2020-12-02,1508988.0,0.0,1508988.0,1.0,多頭,9
2020-12-03,1508223.58,0.0,1508223.58,1.0,多頭,9
2020-12-04,1537524.03,0.0,1537524.03,1.0,多頭,9
2020-12-07,1538568.6,0.0,1538568.6,1.0,多頭,10
2020-12-08,1543346.4,0.0,1543346.4,1.0,多頭,10
2020-12-09,1556047.54,0.0,1556047.54,1.0,多頭,10
2020-12-10,1563410.27,0.0,1563410.27,1.0,多頭,10
2020-12-11,1577956.92,0.0,1577956.92,1.0,多頭,10
2020-12-14,1586227.53,0.0,1586227.53,1.0,多頭,10
2020-12-15,1509907.09,59165.13,1450741.96,0.9608,多頭,9
2020-12-16,1564284.7,0.0,1564284.7,1.0,多頭,10
2020-12-17,1573691.65,0.0,1573691.65,1.0,多頭,10
2020-12-18,1538156.8,0.0,1538156.8,1.0,多頭,10
2020-12-21,1519247.94,0.0,1519247.94,1.0,多頭,10
2020-12-22,1482195.42,0.0,1482195.42,1.0,多頭,10
2020-12-23,1518405.84,0.0,1518405.84,1.0,多頭,10
2020-12-24,1530018.05,0.0,1530018.05,1.0,多頭,10
2020-12-25,1522318.43,0.0,1522318.43,1.0,多頭,10
2020-12-28,1545538.52,0.0,1545538.52,1.0,多頭,10
2020-12-29,1560479.97,0.0,1560479.97,1.0,多頭,10
2020-12-30,1578726.27,0.0,1578726.27,1.0,多頭,10
2020-12-31,1601369.04,0.0,1601369.04,1.0,多頭,10
2021-01-04,1633934.55,0.0,1633934.55,1.0,多頭,10
2021-01-05,1623337.27,2751.98,1620585.3,0.9983,多頭,9
2021-01-06,1562763.31,0.0,1562763.31,1.0,多頭,8
2021-01-07,1582083.99,0.0,1582083.99,1.0,多頭,8
2021-01-08,1604471.06,0.0,1604471.06,1.0,多頭,8
2021-01-11,1625215.12,0.0,1625215.12,1.0,多頭,8
2021-01-12,1586634.03,0.0,1586634.03,1.0,多頭,8
2021-01-13,1628140.36,0.0,1628140.36,1.0,多頭,8
2021-01-14,1625491.31,0.0,1625491.31,1.0,多頭,8
2021-01-15,1594780.95,0.0,1594780.95,1.0,多頭,8
2021-01-18,1583076.94,0.0,1583076.94,1.0,多頭,8
2021-01-19,1605251.82,0.0,1605251.82,1.0,多頭,8
2021-01-20,1562663.41,0.0,1562663.41,1.0,多頭,8
2021-01-21,1593141.64,0.0,1593141.64,1.0,多頭,8
2021-01-22,1612728.76,0.0,1612728.76,1.0,多頭,8
2021-01-25,1632912.3,0.0,1632912.3,1.0,多頭,8
2021-01-26,1607419.94,0.0,1607419.94,1.0,多頭,8
2021-01-27,1627648.66,0.0,1627648.66,1.0,多頭,8
2021-01-28,1600505.63,0.0,1600505.63,1.0,盤整,8
2021-01-29,1566817.49,0.0,1566817.49,1.0,盤整,8
2021-02-01,1566643.1,0.0,1566643.1,1.0,盤整,8
2021-02-02,1605021.04,0.0,1605021.04,1.0,多頭,8
2021-02-03,1609958.87,0.0,1609958.87,1.0,多頭,9
2021-02-04,1577991.3,0.0,1577991.3,1.0,多頭,9
2021-02-05,1573994.65,0.0,1573994.65,1.0,多頭,9
2021-02-17,1622679.86,0.0,1622679.86,1.0,多頭,9
2021-02-18,1612027.91,0.0,1612027.91,1.0,多頭,9
2021-02-19,1623665.87,0.0,1623665.87,1.0,多頭,9
2021-02-22,1661903.69,0.0,1661903.69,1.0,多頭,9
2021-02-23,1660976.95,0.0,1660976.95,1.0,多頭,9
2021-02-24,1630316.71,0.0,1630316.71,1.0,多頭,9
2021-02-25,1667235.65,0.0,1667235.65,1.0,多頭,9
2021-02-26,1611862.02,0.0,1611862.02,1.0,盤整,9
2021-03-02,1593611.35,0.0,1593611.35,1.0,多頭,9
2021-03-03,1630786.35,0.0,1630786.35,1.0,多頭,9
2021-03-04,1602383.67,0.0,1602383.67,1.0,盤整,9
2021-03-05,1579293.53,0.0,1579293.53,1.0,盤整,9
2021-03-08,1560316.42,0.0,1560316.42,1.0,盤整,9
2021-03-09,1561360.62,0.0,1561360.62,1.0,盤整,9
2021-03-10,1554667.92,0.0,1554667.92,1.0,盤整,9
2021-03-11,1594793.74,0.0,1594793.74,1.0,多頭,9
2021-03-12,1605205.23,0.0,1605205.23,1.0,多頭,9
2021-03-15,1599599.74,0.0,1599599.74,1.0,多頭,9
2021-03-16,1593115.31,0.0,1593115.31,1.0,多頭,9
2021-03-17,1587784.43,0.0,1587784.43,1.0,多頭,9
2021-03-18,1596983.92,0.0,1596983.92,1.0,多頭,9
2021-03-19,1563137.31,468941.19,1094196.12,0.7,盤整,7
2021-03-22,1589184.18,0.0,1589184.18,1.0,多頭,10
2021-03-23,1584912.97,0.0,1584912.97,1.0,多頭,10
2021-03-24,1588321.07,0.0,1588321.07,1.0,盤整,10
2021-03-25,1564685.29,353164.59,1211520.69,0.7743,盤整,8
2021-03-26,1567527.74,0.0,1567527.74,1.0,多頭,10
2021-03-29,1622270.11,0.0,1622270.11,1.0,多頭,10
2021-03-30,1642854.04,0.0,1642854.04,1.0,多頭,10
2021-03-31,1614713.67,0.0,1614713.67,1.0,多頭,10
2021-04-01,1637027.44,0.0,1637027.44,1.0,多頭,10
2021-04-07,1729084.5,0.0,1729084.5,1.0,多頭,10
2021-04-08,1741958.15,0.0,1741958.15,1.0,多頭,10
2021-04-09,1713481.51,0.0,1713481.51,1.0,多頭,10
2021-04-12,1730453.1,0.0,1730453.1,1.0,多頭,10
2021-04-13,1697207.42,0.0,1697207.42,1.0,多頭,10
2021-04-14,1670789.55,0.0,1670789.55,1.0,多頭,10
2021-04-15,1690606.58,0.0,1690606.58,1.0,多頭,10
2021-04-16,1715171.78,0.0,1715171.78,1.0,多頭,10
2021-04-19,1736231.08,0.0,1736231.08,1.0,多頭,9
2021-04-20,1738333.53,0.0,1738333.53,1.0,多頭,9
2021-04-21,1759696.72,0.0,1759696.72,1.0,多頭,9
2021-04-22,1730463.22,219522.92,1510940.3,0.8731,多頭,8
2021-04-23,1731506.73,0.0,1731506.73,1.0,多頭,8
2021-04-26,1769341.62,0.0,1769341.62,1.0,多頭,8
2021-04-27,1746447.0,0.0,1746447.0,1.0,多頭,8
2021-04-28,1757331.61,0.0,1757331.61,1.0,多頭,8
2021-04-29,1777115.87,0.0,1777115.87,1.0,多頭,7
2021-05-03,1715684.62,0.0,1715684.62,1.0,多頭,7
2021-05-04,1679632.23,0.0,1679632.23,1.0,盤整,7
2021-05-05,1633217.84,0.0,1633217.84,1.0,盤整,7
2021-05-06,1648012.5,0.0,1648012.5,1.0,盤整,7
2021-05-07,1699044.66,0.0,1699044.66,1.0,多頭,7
2021-05-10,1647462.56,0.0,1647462.56,1.0,多頭,7
2021-05-11,1542756.11,0.0,1542756.11,1.0,盤整,7
2021-05-12,1477891.63,0.0,1477891.63,1.0,盤整,7
2021-05-13,1466225.14,0.0,1466225.14,1.0,盤整,7
2021-05-14,1484658.18,0.0,1484658.18,1.0,盤整,7
2021-05-17,1435177.43,0.0,1435177.43,1.0,盤整,7
2021-05-18,1534842.64,0.0,1534842.64,1.0,盤整,7
2021-05-19,1529389.75,284487.22,1244902.53,0.814,盤整,6
2021-05-20,1509921.35,437480.08,1072441.27,0.7103,盤整,5
2021-05-21,1532809.71,437480.08,1095329.63,0.7146,盤整,5
2021-05-24,1542487.01,437480.08,1105006.93,0.7164,盤整,5
2021-05-25,1556084.1,468657.47,1087426.64,0.6988,盤整,8
2021-05-26,1558653.08,0.0,1558653.08,1.0,多頭,11
2021-05-27,1570987.87,0.0,1570987.87,1.0,盤整,11
2021-05-28,1595827.92,0.0,1595827.92,1.0,盤整,11
2021-05-31,1614742.48,429819.03,1184923.44,0.7338,盤整,9
2021-06-01,1615281.09,429819.03,1185462.05,0.7339,盤整,9
2021-06-02,1600722.22,429819.03,1170903.19,0.7315,盤整,9
2021-06-03,1628369.87,429819.03,1198550.83,0.736,盤整,9
2021-06-04,1608393.57,429819.03,1178574.54,0.7328,盤整,9
2021-06-07,1613283.82,429819.03,1183464.79,0.7336,盤整,9
2021-06-08,1591870.41,429819.03,1162051.38,0.73,盤整,9
2021-06-09,1591433.28,429819.03,1161614.24,0.7299,盤整,9
2021-06-10,1612209.08,429819.03,1182390.05,0.7334,盤整,9
2021-06-11,1609588.02,429819.03,1179768.99,0.733,盤整,9
2021-06-15,1628290.09,0.0,1628290.09,1.0,多頭,12
2021-06-16,1607327.57,0.0,1607327.57,1.0,多頭,12
2021-06-17,1671434.43,0.0,1671434.43,1.0,多頭,12
2021-06-18,1686396.4,0.0,1686396.4,1.0,多頭,12
2021-06-21,1664933.08,0.0,1664933.08,1.0,多頭,12
2021-06-22,1664829.8,0.0,1664829.8,1.0,盤整,12
2021-06-23,1724478.9,0.0,1724478.9,1.0,多頭,12
2021-06-24,1719291.97,0.0,1719291.97,1.0,多頭,12
2021-06-25,1728974.62,0.0,1728974.62,1.0,多頭,12
2021-06-28,1721826.0,0.0,1721826.0,1.0,多頭,12
2021-06-29,1707328.84,0.0,1707328.84,1.0,多頭,12
2021-06-30,1738915.73,0.0,1738915.73,1.0,多頭,12
2021-07-01,1703114.58,0.0,1703114.58,1.0,多頭,12
2021-07-02,1778261.62,0.0,1778261.62,1.0,多頭,12
2021-07-05,1842640.02,0.0,1842640.02,1.0,多頭,12
2021-07-06,1826440.52,0.0,1826440.52,1.0,多頭,12
2021-07-07,1893311.64,0.0,1893311.64,1.0,多頭,12
2021-07-08,1944523.61,0.0,1944523.61,1.0,多頭,12
2021-07-09,1983727.66,0.0,1983727.66,1.0,多頭,12
2021-07-12,2095413.66,0.0,2095413.66,1.0,多頭,12
2021-07-13,2073966.26,0.0,2073966.26,1.0,多頭,12
2021-07-14,2048047.06,0.0,2048047.06,1.0,多頭,12
2021-07-15,2075344.62,0.0,2075344.62,1.0,多頭,12
2021-07-16,2105403.68,0.0,2105403.68,1.0,多頭,12
2021-07-19,2128628.88,0.0,2128628.88,1.0,多頭,12
2021-07-20,2105308.66,0.0,2105308.66,1.0,盤整,12
2021-07-21,2125121.9,0.0,2125121.9,1.0,盤整,12
2021-07-22,2173355.47,0.0,2173355.47,1.0,盤整,12
2021-07-23,2130968.25,639992.3,1490975.95,0.6997,盤整,8
2021-07-26,2180555.05,653350.49,1527204.56,0.7004,盤整,8
2021-07-27,2101308.72,630497.57,1470811.15,0.7,盤整,9
2021-07-28,2034281.6,630497.57,1403784.03,0.6901,盤整,9
2021-07-29,2058905.96,617671.79,1441234.17,0.7,盤整,10
2021-07-30,2026001.07,617671.79,1408329.28,0.6951,盤整,10
2021-08-02,2047278.94,617671.79,1429607.15,0.6983,盤整,10
2021-08-03,2059272.78,617671.79,1441600.99,0.7001,盤整,10
2021-08-04,2058230.2,0.0,2058230.2,1.0,多頭,13
2021-08-05,2114081.27,0.0,2114081.27,1.0,多頭,13
2021-08-06,2076486.07,0.0,2076486.07,1.0,盤整,13
2021-08-09,2010380.03,0.0,2010380.03,1.0,盤整,13
2021-08-10,2001496.33,0.0,2001496.33,1.0,盤整,13
2021-08-11,1940293.01,0.0,1940293.01,1.0,盤整,13
2021-08-12,1965032.93,493843.11,1471189.82,0.7487,盤整,10
2021-08-13,1924340.41,493843.11,1430497.31,0.7434,盤整,10
2021-08-16,1888957.85,493843.11,1395114.74,0.7386,盤整,10
2021-08-17,1888936.17,493843.11,1395093.06,0.7386,空頭,10
2021-08-18,1899603.37,493843.11,1405760.26,0.74,空頭,10
2021-08-19,1860942.23,493843.11,1367099.12,0.7346,空頭,10
2021-08-20,1875946.52,493843.11,1382103.41,0.7367,空頭,10
2021-08-23,1941128.56,791537.21,1149591.35,0.5922,空頭,8
2021-08-24,1947199.61,1167711.81,779487.8,0.4003,空頭,6
2021-08-25,1958168.85,1174954.95,783213.9,0.4,空頭,6
2021-08-26,1955613.25,1174954.95,780658.3,0.3992,空頭,6
2021-08-27,1958407.14,589177.73,1369229.41,0.6992,盤整,8
2021-08-30,1989095.22,589177.73,1399917.49,0.7038,盤整,8
2021-08-31,2001007.91,589177.73,1411830.18,0.7056,盤整,8
2021-09-01,2011286.28,589177.73,1422108.55,0.7071,盤整,8
2021-09-02,1963933.93,594297.1,1369636.83,0.6974,盤整,9
2021-09-03,1998461.29,594297.1,1404164.19,0.7026,盤整,9
2021-09-06,1971883.7,594297.1,1377586.6,0.6986,盤整,9
2021-09-07,1945750.17,583792.15,1361958.02,0.7,盤整,10
2021-09-08,1891512.06,567488.12,1324023.94,0.7,盤整,11
2021-09-09,1923817.37,567488.12,1356329.25,0.705,盤整,11
2021-09-10,1955563.69,567488.12,1388075.58,0.7098,盤整,11
2021-09-13,1918601.68,567488.12,1351113.56,0.7042,盤整,11
2021-09-14,1915700.49,567488.12,1348212.38,0.7038,盤整,11
2021-09-15,1895280.67,567488.12,1327792.55,0.7006,盤整,11
2021-09-16,1895294.28,567488.12,1327806.16,0.7006,盤整,11
2021-09-17,1914252.58,567488.12,1346764.46,0.7035,空頭,11
2021-09-22,1882345.4,567488.12,1314857.28,0.6985,空頭,11
2021-09-23,1890308.16,567488.12,1322820.05,0.6998,空頭,11
2021-09-24,1914599.21,654126.62,1260472.59,0.6583,空頭,10
2021-09-27,1911007.53,666401.49,1244606.04,0.6513,空頭,9
2021-09-28,1922133.5,666401.49,1255732.01,0.6533,空頭,9
2021-09-29,1877632.31,1208882.37,668749.94,0.3562,空頭,6
2021-09-30,1875919.7,1208882.37,667037.33,0.3556,空頭,6
2021-10-01,1852507.92,1208882.37,643625.55,0.3474,空頭,6
2021-10-04,1822601.77,1208882.37,613719.41,0.3367,空頭,6
2021-10-05,1836938.63,1812111.2,24827.43,0.0135,空頭,2
2021-10-06,1831494.29,1101906.35,729587.94,0.3984,空頭,4
2021-10-07,1836493.99,1101906.35,734587.64,0.4,空頭,4
2021-10-08,1843851.93,1112254.96,731596.96,0.3968,空頭,3
2021-10-12,1831527.61,1126087.01,705440.6,0.3852,空頭,2
2021-10-13,1830763.49,1126087.01,704676.48,0.3849,空頭,2
2021-10-14,1827897.36,1126087.01,701810.35,0.3839,空頭,2
2021-10-15,1832586.75,1126087.01,706499.74,0.3855,空頭,2
2021-10-18,1828509.49,1097039.65,731469.84,0.4,空頭,3
2021-10-19,1822236.86,547909.13,1274327.73,0.6993,盤整,7
2021-10-20,1848722.49,547909.13,1300813.36,0.7036,盤整,7
2021-10-21,1847199.12,547909.13,1299289.99,0.7034,盤整,7
2021-10-22,1871431.73,547909.13,1323522.59,0.7072,盤整,7
2021-10-25,1881484.79,547909.13,1333575.66,0.7088,盤整,7
2021-10-26,1871039.04,547909.13,1323129.9,0.7072,盤整,7
2021-10-27,1895017.13,547909.13,1347108.0,0.7109,盤整,7
2021-10-28,1887045.75,547909.13,1339136.62,0.7096,盤整,7
2021-10-29,1907197.1,547909.13,1359287.97,0.7127,盤整,7
2021-11-01,1942744.59,547909.13,1394835.46,0.718,盤整,7
2021-11-02,1920837.92,547909.13,1372928.79,0.7148,盤整,7
2021-11-03,1923340.32,547909.13,1375431.19,0.7151,盤整,7
2021-11-04,1911702.34,547909.13,1363793.21,0.7134,盤整,7
2021-11-05,1921181.87,576612.77,1344569.09,0.6999,盤整,9
2021-11-08,1881279.94,564393.36,1316886.58,0.7,盤整,10
2021-11-09,1907860.81,564393.36,1343467.45,0.7042,盤整,10
2021-11-10,1915673.02,0.0,1915673.02,1.0,多頭,12
2021-11-11,1910190.83,0.0,1910190.83,1.0,多頭,12
2021-11-12,1951756.92,0.0,1951756.92,1.0,多頭,12
2021-11-15,2005759.42,0.0,2005759.42,1.0,多頭,12
2021-11-16,2046764.14,0.0,2046764.14,1.0,多頭,12
2021-11-17,2064689.72,0.0,2064689.72,1.0,多頭,12
2021-11-18,2058135.54,0.0,2058135.54,1.0,多頭,12
2021-11-19,2097034.47,0.0,2097034.47,1.0,多頭,12
2021-11-22,2074029.19,0.0,2074029.19,1.0,多頭,12
2021-11-23,2000493.12,0.0,2000493.12,1.0,多頭,12
2021-11-24,2025647.0,0.0,2025647.0,1.0,多頭,12
2021-11-25,2016590.8,0.0,2016590.8,1.0,多頭,12
2021-11-26,2008896.01,0.0,2008896.01,1.0,盤整,12
2021-11-29,2004372.21,0.0,2004372.21,1.0,盤整,12
2021-11-30,2034839.69,0.0,2034839.69,1.0,盤整,12
2021-12-01,2055746.42,0.0,2055746.42,1.0,多頭,12
2021-12-02,2016221.66,0.0,2016221.66,1.0,多頭,12
2021-12-03,2044776.55,0.0,2044776.55,1.0,多頭,12
2021-12-06,2028653.22,0.0,2028653.22,1.0,多頭,12
2021-12-07,1999234.56,0.0,1999234.56,1.0,多頭,12
2021-12-08,1993978.2,0.0,1993978.2,1.0,多頭,12
2021-12-09,1962736.35,0.0,1962736.35,1.0,多頭,12
2021-12-10,1961118.52,0.0,1961118.52,1.0,多頭,12
2021-12-13,1969559.43,0.0,1969559.43,1.0,多頭,12
2021-12-14,1903615.08,0.0,1903615.08,1.0,盤整,12
2021-12-15,1952088.68,31081.1,1921007.58,0.9841,盤整,11
2021-12-16,2016642.06,0.0,2016642.06,1.0,多頭,10
2021-12-17,1970047.71,0.0,1970047.71,1.0,多頭,10
2021-12-20,1944816.25,0.0,1944816.25,1.0,盤整,10
2021-12-21,1963718.81,0.0,1963718.81,1.0,多頭,10
2021-12-22,1979354.67,0.0,1979354.67,1.0,多頭,10
2021-12-23,1992583.89,0.0,1992583.89,1.0,多頭,10
2021-12-24,2008228.26,0.0,2008228.26,1.0,多頭,10
2021-12-27,2038120.88,0.0,2038120.88,1.0,多頭,10
2021-12-28,2061113.24,0.0,2061113.24,1.0,多頭,10
2021-12-29,2116560.53,0.0,2116560.53,1.0,多頭,10
2021-12-30,2171276.33,0.0,2171276.33,1.0,多頭,10
2022-01-03,2207068.07,0.0,2207068.07,1.0,多頭,10
2022-01-04,2212550.97,0.0,2212550.97,1.0,多頭,10
2022-01-05,2195148.95,0.0,2195148.95,1.0,多頭,8
2022-01-06,2147958.2,0.0,2147958.2,1.0,多頭,8
2022-01-07,2120072.74,0.0,2120072.74,1.0,多頭,8
2022-01-10,2129888.44,0.0,2129888.44,1.0,多頭,9
2022-01-11,2086551.01,0.0,2086551.01,1.0,多頭,9
2022-01-12,2088331.74,0.0,2088331.74,1.0,多頭,9
2022-01-13,2093519.21,0.0,2093519.21,1.0,多頭,9
2022-01-14,2067766.21,0.0,2067766.21,1.0,多頭,9
2022-01-17,2111933.14,0.0,2111933.14,1.0,多頭,8
2022-01-18,2112989.9,0.0,2112989.9,1.0,多頭,8
2022-01-19,2115899.54,0.0,2115899.54,1.0,盤整,8
2022-01-20,2132490.47,0.0,2132490.47,1.0,盤整,8
2022-01-21,2064311.08,0.0,2064311.08,1.0,盤整,8
2022-01-24,2060794.64,0.0,2060794.64,1.0,盤整,8
2022-01-25,2002087.8,0.0,2002087.8,1.0,盤整,8
2022-01-26,1997082.97,0.0,1997082.97,1.0,盤整,8
2022-02-07,2056787.91,0.0,2056787.91,1.0,盤整,8
2022-02-08,2088686.34,0.0,2088686.34,1.0,盤整,8
2022-02-09,2106089.66,0.0,2106089.66,1.0,盤整,8
2022-02-10,2119663.51,0.0,2119663.51,1.0,多頭,8
2022-02-11,2109324.39,0.0,2109324.39,1.0,多頭,8
2022-02-14,2082985.73,538030.6,1544955.13,0.7417,盤整,6
2022-02-15,2085553.32,550055.47,1535497.85,0.7363,盤整,5
2022-02-16,2122089.42,0.0,2122089.42,1.0,多頭,7
2022-02-17,2117603.81,0.0,2117603.81,1.0,多頭,7
2022-02-18,2121888.21,0.0,2121888.21,1.0,多頭,7
2022-02-21,2118725.26,0.0,2118725.26,1.0,多頭,7
2022-02-22,2108247.11,0.0,2108247.11,1.0,盤整,7
2022-02-23,2105351.6,0.0,2105351.6,1.0,盤整,7
2022-02-24,2023224.87,745286.16,1277938.7,0.6316,盤整,5
2022-02-25,2036488.28,611297.18,1425191.1,0.6998,盤整,6
2022-03-01,2062244.22,611297.18,1450947.05,0.7036,盤整,6
2022-03-02,2049843.34,611297.18,1438546.16,0.7018,盤整,6
2022-03-03,2049609.96,611297.18,1438312.78,0.7017,空頭,6
2022-03-04,2025983.01,611297.18,1414685.84,0.6983,空頭,6
2022-03-07,1958562.02,611297.18,1347264.84,0.6879,空頭,6
2022-03-08,1925368.61,611297.18,1314071.43,0.6825,空頭,6
2022-03-09,1934291.29,611297.18,1322994.11,0.684,空頭,6
2022-03-10,1977983.44,611297.18,1366686.26,0.6909,空頭,6
2022-03-11,1956767.03,611297.18,1345469.85,0.6876,空頭,6
2022-03-14,1950996.89,611297.18,1339699.71,0.6867,空頭,6
2022-03-15,1903087.75,611297.18,1291790.57,0.6788,空頭,6
2022-03-16,1904615.04,611297.18,1293317.87,0.679,空頭,6
2022-03-17,1943898.37,611297.18,1332601.19,0.6855,空頭,6
2022-03-18,1942961.25,1142456.85,800504.39,0.412,空頭,4
2022-03-21,1951626.23,584035.18,1367591.04,0.7007,盤整,7
2022-03-22,1964734.28,584035.18,1380699.1,0.7027,盤整,7
2022-03-23,1995891.42,584035.18,1411856.24,0.7074,盤整,7
2022-03-24,2019390.69,584035.18,1435355.51,0.7108,盤整,7
2022-03-25,1995034.72,584035.18,1410999.54,0.7073,盤整,7
2022-03-28,1988748.25,584035.18,1404713.07,0.7063,盤整,7
2022-03-29,2016321.56,605183.22,1411138.34,0.6999,盤整,8
2022-03-30,2024401.47,605183.22,1419218.25,0.7011,盤整,8
2022-03-31,2002724.58,605183.22,1397541.36,0.6978,盤整,8
2022-04-01,1997196.35,605183.22,1392013.13,0.697,盤整,8
2022-04-06,1994966.0,605183.22,1389782.78,0.6966,盤整,8
2022-04-07,1924077.12,605183.22,1318893.9,0.6855,空頭,8
2022-04-08,1931774.38,605183.22,1326591.16,0.6867,空頭,8
2022-04-11,1862765.68,605183.22,1257582.46,0.6751,空頭,8
2022-04-12,1861590.69,605183.22,1256407.47,0.6749,空頭,8
2022-04-13,1884522.35,605183.22,1279339.13,0.6789,空頭,8
2022-04-14,1877164.9,605183.22,1271981.68,0.6776,空頭,8
2022-04-15,1843109.15,605183.22,1237925.93,0.6717,空頭,8
2022-04-18,1824923.87,605183.22,1219740.65,0.6684,空頭,8
2022-04-19,1837246.47,605183.22,1232063.25,0.6706,空頭,8
2022-04-20,1847908.65,605183.22,1242725.43,0.6725,空頭,8
2022-04-21,1855964.58,1764145.69,91818.9,0.0495,空頭,2
2022-04-22,1855921.74,1764145.69,91776.06,0.0495,空頭,2
2022-04-25,1853314.57,1764145.69,89168.89,0.0481,空頭,2
2022-04-26,1853483.85,1764145.69,89338.16,0.0482,空頭,2
2022-04-27,1853368.94,1764145.69,89223.25,0.0481,空頭,2
2022-04-28,1854453.78,1764145.69,90308.1,0.0487,空頭,2
2022-04-29,1855641.71,1484513.37,371128.34,0.2,空頭,1
2022-05-03,1854956.97,1484513.37,370443.6,0.1997,空頭,1
2022-05-04,1858551.85,1484513.37,374038.48,0.2013,空頭,1
2022-05-05,1866550.92,1117801.59,748749.33,0.4011,空頭,2
2022-05-06,1863214.75,1117801.59,745413.16,0.4001,空頭,2
2022-05-09,1863899.49,1117801.59,746097.9,0.4003,空頭,2
2022-05-10,1863899.49,1117801.59,746097.9,0.4003,空頭,2
2022-05-11,1859666.48,1117801.59,741864.89,0.3989,空頭,2
2022-05-12,1847387.79,1117801.59,729586.2,0.3949,空頭,2
2022-05-13,1857394.47,1117801.59,739592.88,0.3982,空頭,2
2022-05-16,1874425.41,1117801.59,756623.83,0.4037,空頭,2
2022-05-17,1869673.16,1117801.59,751871.57,0.4021,空頭,2
2022-05-18,1879679.84,1117801.59,761878.25,0.4053,空頭,2
2022-05-19,1880747.86,1117801.59,762946.28,0.4057,空頭,2
2022-05-20,1876084.96,1117801.59,758283.38,0.4042,空頭,2
2022-05-23,1874497.7,1117801.59,756696.11,0.4037,空頭,2
2022-05-24,1871587.56,1117801.59,753785.97,0.4028,空頭,2
2022-05-25,1880483.47,1117801.59,762681.88,0.4056,空頭,2
2022-05-26,1882496.77,1117801.59,764695.18,0.4062,空頭,2
2022-05-27,1871946.8,564876.29,1307070.51,0.6982,盤整,5
2022-05-30,1928040.71,564876.29,1363164.42,0.707,盤整,5
2022-05-31,1922842.75,577278.82,1345563.93,0.6998,盤整,6
2022-06-01,1959176.59,577278.82,1381897.77,0.7053,盤整,6
2022-06-02,1949747.55,577278.82,1372468.74,0.7039,盤整,6
2022-06-06,1954055.73,594305.89,1359749.83,0.6959,盤整,6
2022-06-07,1946736.76,584057.85,1362678.91,0.7,盤整,7
2022-06-08,1941829.59,584057.85,1357771.73,0.6992,盤整,7
2022-06-09,1939070.59,584057.85,1355012.74,0.6988,盤整,7
2022-06-10,1932257.73,584057.85,1348199.88,0.6977,盤整,7
2022-06-13,1913661.36,584057.85,1329603.51,0.6948,空頭,7
2022-06-14,1926900.12,584057.85,1342842.27,0.6969,空頭,7
2022-06-15,1920037.41,584057.85,1335979.55,0.6958,空頭,7
2022-06-16,1894369.63,584057.85,1310311.77,0.6917,空頭,7
2022-06-17,1878435.33,584057.85,1294377.47,0.6891,空頭,7
2022-06-20,1833634.6,584057.85,1249576.74,0.6815,空頭,7
2022-06-21,1869566.5,584057.85,1285508.64,0.6876,空頭,7
2022-06-22,1831270.87,584057.85,1247213.01,0.6811,空頭,7
2022-06-23,1836901.15,584057.85,1252843.29,0.682,空頭,7
2022-06-24,1835965.22,584057.85,1251907.36,0.6819,空頭,7
2022-06-27,1853913.17,584057.85,1269855.31,0.685,空頭,7
2022-06-28,1816777.71,1095603.17,721174.53,0.397,空頭,4
2022-06-29,1812472.7,1095603.17,716869.53,0.3955,空頭,4
2022-06-30,1798054.16,1411080.97,386973.2,0.2152,空頭,2
2022-07-01,1791735.9,1411080.97,380654.93,0.2125,空頭,2
2022-07-04,1790290.37,1411080.97,379209.4,0.2118,空頭,2
2022-07-05,1789361.74,1782212.74,7149.0,0.004,空頭,1
2022-07-06,1789148.75,1789148.75,0.0,0.0,空頭,0
2022-07-07,1789148.75,1789148.75,0.0,0.0,空頭,0
2022-07-08,1789148.75,1789148.75,0.0,0.0,空頭,0
2022-07-11,1789148.75,1789148.75,0.0,0.0,空頭,0
2022-07-12,1789148.75,1789148.75,0.0,0.0,空頭,0
2022-07-13,1789148.75,1789148.75,0.0,0.0,空頭,0
2022-07-14,1789148.75,1789148.75,0.0,0.0,空頭,0
2022-07-15,1784479.17,1558588.35,225890.83,0.1266,空頭,1
2022-07-18,1785858.82,1558588.35,227270.48,0.1273,空頭,1
2022-07-19,1770620.97,536951.57,1233669.4,0.6967,盤整,5
2022-07-20,1781424.65,536951.57,1244473.08,0.6986,盤整,5
2022-07-21,1800043.48,536951.57,1263091.91,0.7017,盤整,5
2022-07-22,1796219.78,536951.57,1259268.21,0.7011,盤整,5
2022-07-25,1791597.58,536951.57,1254646.01,0.7003,盤整,5
2022-07-26,1772552.78,536951.57,1235601.21,0.6971,盤整,5
2022-07-27,1784678.54,536951.57,1247726.97,0.6991,盤整,5
2022-07-28,1783388.39,536951.57,1246436.82,0.6989,盤整,5
2022-07-29,1811495.94,536951.57,1274544.36,0.7036,盤整,5
2022-08-01,1824091.59,536951.57,1287140.02,0.7056,盤整,5
2022-08-02,1813821.55,536951.57,1276869.98,0.704,盤整,5
2022-08-03,1792877.06,536951.57,1255925.49,0.7005,盤整,5
2022-08-04,1795793.51,536951.57,1258841.93,0.701,盤整,5
2022-08-05,1802318.49,536951.57,1265366.92,0.7021,盤整,5
2022-08-08,1818928.08,536951.57,1281976.5,0.7048,盤整,5
2022-08-09,1836986.2,536951.57,1300034.63,0.7077,盤整,5
2022-08-10,1850527.29,536951.57,1313575.72,0.7098,盤整,5
2022-08-11,1845850.62,536951.57,1308899.05,0.7091,盤整,5
2022-08-12,1845298.71,536951.57,1308347.13,0.709,盤整,5
2022-08-15,1841734.31,551888.22,1289846.09,0.7003,盤整,5
2022-08-16,1851821.02,551888.22,1299932.8,0.702,盤整,5
2022-08-17,1832703.66,549594.43,1283109.22,0.7001,盤整,5
2022-08-18,1837744.07,549594.43,1288149.63,0.7009,盤整,5
2022-08-19,1843941.29,549594.43,1294346.85,0.7019,盤整,5
2022-08-22,1844792.61,549594.43,1295198.18,0.7021,盤整,5
2022-08-23,1834736.7,549594.43,1285142.26,0.7005,空頭,5
2022-08-24,1851924.21,549594.43,1302329.78,0.7032,空頭,5
2022-08-25,1858252.41,549594.43,1308657.98,0.7042,盤整,5
2022-08-26,1851246.03,549594.43,1301651.6,0.7031,盤整,5
2022-08-29,1846760.14,549594.43,1297165.71,0.7024,盤整,5
2022-08-30,1848872.6,549594.43,1299278.16,0.7027,盤整,5
2022-08-31,1850268.81,549594.43,1300674.38,0.703,盤整,5
2022-09-01,1838702.88,549594.43,1289108.45,0.7011,盤整,5
2022-09-02,1848349.04,549594.43,1298754.61,0.7027,盤整,5
2022-09-05,1835171.42,549594.43,1285576.99,0.7005,盤整,5
2022-09-06,1804242.77,549594.43,1254648.33,0.6954,盤整,5
2022-09-07,1788781.25,536645.62,1252135.64,0.7,盤整,6
2022-09-08,1811772.83,536645.62,1275127.21,0.7038,盤整,6
2022-09-12,1825871.07,536645.62,1289225.46,0.7061,盤整,6
2022-09-13,1833728.27,536645.62,1297082.65,0.7073,盤整,6
2022-09-14,1831598.3,549698.03,1281900.26,0.6999,盤整,6
2022-09-15,1829493.36,549698.03,1279795.33,0.6995,盤整,6
2022-09-16,1815101.49,1601238.75,213862.73,0.1178,盤整,2
2022-09-19,1809109.26,1601238.75,207870.51,0.1149,空頭,2
2022-09-20,1810196.92,1601238.75,208958.17,0.1154,空頭,2
2022-09-21,1805816.9,1601238.75,204578.15,0.1133,空頭,2
2022-09-22,1807382.04,1601238.75,206143.29,0.1141,空頭,2
2022-09-23,1801425.18,1601238.75,200186.43,0.1111,空頭,2
2022-09-26,1786494.76,1601238.75,185256.0,0.1037,空頭,2
2022-09-27,1789371.18,1601238.75,188132.43,0.1051,空頭,2
2022-09-28,1776680.32,1601238.75,175441.56,0.0987,空頭,2
2022-09-29,1779931.92,1601238.75,178693.17,0.1004,空頭,2
2022-09-30,1781909.21,1601238.75,180670.45,0.1014,空頭,2
2022-10-03,1781649.04,1601238.75,180410.28,0.1013,空頭,2
2022-10-04,1787268.69,1601238.75,186029.94,0.1041,空頭,2
2022-10-05,1782510.31,1244076.41,538433.9,0.3021,空頭,3
2022-10-06,1786365.42,1244076.41,542289.02,0.3036,空頭,3
2022-10-07,1784104.25,1256237.59,527866.66,0.2959,空頭,2
2022-10-11,1759105.52,1256237.59,502867.93,0.2859,空頭,2
2022-10-12,1754885.55,1052171.2,702714.35,0.4004,空頭,3
2022-10-13,1746734.93,1052171.2,694563.74,0.3976,空頭,3
2022-10-14,1757959.03,1206244.79,551714.24,0.3138,空頭,2
2022-10-17,1757959.03,1206244.79,551714.24,0.3138,空頭,2
2022-10-18,1749479.59,1206244.79,543234.81,0.3105,空頭,2
2022-10-19,1746970.77,1206244.79,540725.99,0.3095,空頭,2
2022-10-20,1752804.95,1206244.79,546560.17,0.3118,空頭,2
2022-10-21,1750356.67,1206244.79,544111.88,0.3109,空頭,2
2022-10-24,1750966.34,1206244.79,544721.56,0.3111,空頭,2
2022-10-25,1755619.13,1206244.79,549374.34,0.3129,空頭,2
2022-10-26,1757776.08,1206244.79,551531.3,0.3138,空頭,2
2022-10-27,1758165.9,1206244.79,551921.11,0.3139,空頭,2
2022-10-28,1757776.08,1206244.79,551531.3,0.3138,空頭,2
2022-10-31,1760698.64,1206244.79,554453.85,0.3149,空頭,2
2022-11-01,1754765.97,1206244.79,548521.19,0.3126,空頭,2
2022-11-02,1762220.15,526276.13,1235944.02,0.7014,盤整,5
2022-11-03,1760770.89,526276.13,1234494.76,0.7011,空頭,5
2022-11-04,1763293.25,530245.08,1233048.17,0.6993,盤整,6
2022-11-07,1776687.56,530245.08,1246442.48,0.7016,盤整,6
2022-11-08,1769664.78,530245.08,1239419.7,0.7004,盤整,6
2022-11-09,1778899.31,530245.08,1248654.23,0.7019,盤整,6
2022-11-10,1768113.17,533541.3,1234571.87,0.6982,盤整,6
2022-11-11,1772842.05,533541.3,1239300.76,0.699,盤整,6
2022-11-14,1775164.37,533541.3,1241623.07,0.6994,盤整,6
2022-11-15,1786623.64,533541.3,1253082.35,0.7014,盤整,6
2022-11-16,1775287.98,533541.3,1241746.69,0.6995,盤整,6
2022-11-17,1785185.03,533541.3,1251643.74,0.7011,盤整,6
2022-11-18,1780847.6,533541.3,1247306.31,0.7004,盤整,6
2022-11-21,1779927.77,533541.3,1246386.47,0.7002,盤整,6
2022-11-22,1785078.01,533541.3,1251536.71,0.7011,盤整,6
2022-11-23,1795926.33,533541.3,1262385.04,0.7029,盤整,6
2022-11-24,1790787.22,533541.3,1257245.92,0.7021,盤整,6
2022-11-25,1791205.98,0.0,1791205.98,1.0,多頭,8
2022-11-28,1790117.96,0.0,1790117.96,1.0,多頭,8
2022-11-29,1796227.43,0.0,1796227.43,1.0,多頭,8
2022-11-30,1813608.05,0.0,1813608.05,1.0,多頭,8
2022-12-01,1825718.89,0.0,1825718.89,1.0,多頭,7
2022-12-02,1827674.82,0.0,1827674.82,1.0,多頭,7
2022-12-05,1831763.28,0.0,1831763.28,1.0,多頭,6
2022-12-06,1787392.15,0.0,1787392.15,1.0,多頭,6
2022-12-07,1769206.66,0.0,1769206.66,1.0,多頭,6
2022-12-08,1762979.29,0.0,1762979.29,1.0,盤整,6
2022-12-09,1768978.97,0.0,1768978.97,1.0,多頭,6
2022-12-12,1763698.23,0.0,1763698.23,1.0,盤整,6
2022-12-13,1743552.39,0.0,1743552.39,1.0,盤整,6
2022-12-14,1776100.02,0.0,1776100.02,1.0,多頭,6
2022-12-15,1777682.83,0.0,1777682.83,1.0,多頭,6
2022-12-16,1746102.81,0.0,1746102.81,1.0,盤整,6
2022-12-19,1740454.96,0.0,1740454.96,1.0,盤整,6
2022-12-20,1707134.57,0.0,1707134.57,1.0,盤整,6
2022-12-21,1715056.27,0.0,1715056.27,1.0,盤整,6
2022-12-22,1733616.23,0.0,1733616.23,1.0,盤整,6
2022-12-23,1710754.67,0.0,1710754.67,1.0,盤整,6
2022-12-26,1702369.65,486805.42,1215564.23,0.714,盤整,4
2022-12-27,1707076.96,486805.42,1220271.53,0.7148,盤整,4
2022-12-28,1694300.53,486805.42,1207495.11,0.7127,盤整,4
2022-12-29,1690445.47,486805.42,1203640.04,0.712,盤整,4
2022-12-30,1692747.78,506878.1,1185869.68,0.7006,盤整,5
2023-01-03,1695920.4,506878.1,1189042.29,0.7011,盤整,5
2023-01-04,1692142.88,508003.5,1184139.38,0.6998,盤整,6
2023-01-05,1683164.86,508003.5,1175161.36,0.6982,盤整,6
2023-01-06,1683575.35,508003.5,1175571.85,0.6983,盤整,6
2023-01-09,1702735.55,0.0,1702735.55,1.0,多頭,8
2023-01-10,1686731.98,0.0,1686731.98,1.0,多頭,8
2023-01-11,1685776.31,0.0,1685776.31,1.0,多頭,8
2023-01-12,1668211.02,0.0,1668211.02,1.0,多頭,8
2023-01-13,1660056.39,0.0,1660056.39,1.0,多頭,8
2023-01-16,1656710.15,0.0,1656710.15,1.0,多頭,8
2023-01-17,1660298.42,0.0,1660298.42,1.0,多頭,8
2023-01-30,1692790.01,0.0,1692790.01,1.0,多頭,8
2023-01-31,1706430.8,0.0,1706430.8,1.0,多頭,8
2023-02-01,1730425.78,0.0,1730425.78,1.0,多頭,8
2023-02-02,1758128.36,0.0,1758128.36,1.0,多頭,8
2023-02-03,1745620.55,0.0,1745620.55,1.0,多頭,8
2023-02-06,1732864.16,0.0,1732864.16,1.0,多頭,8
2023-02-07,1746084.84,0.0,1746084.84,1.0,多頭,8
2023-02-08,1742107.59,0.0,1742107.59,1.0,多頭,8
2023-02-09,1729689.64,0.0,1729689.64,1.0,多頭,8
2023-02-10,1716366.15,0.0,1716366.15,1.0,多頭,8
2023-02-13,1712736.95,0.0,1712736.95,1.0,多頭,8
2023-02-14,1727840.24,0.0,1727840.24,1.0,多頭,7
2023-02-15,1721476.01,0.0,1721476.01,1.0,多頭,7
2023-02-16,1735226.56,0.0,1735226.56,1.0,多頭,7
2023-02-17,1719151.47,0.0,1719151.47,1.0,多頭,7
2023-02-20,1723350.72,0.0,1723350.72,1.0,多頭,7
2023-02-21,1720951.2,0.0,1720951.2,1.0,多頭,7
2023-02-22,1696043.97,0.0,1696043.97,1.0,盤整,7
2023-02-23,1711275.39,0.0,1711275.39,1.0,多頭,7
2023-02-24,1699190.79,0.0,1699190.79,1.0,盤整,7
2023-03-01,1678244.67,0.0,1678244.67,1.0,多頭,7
2023-03-02,1676048.33,0.0,1676048.33,1.0,多頭,7
2023-03-03,1684990.47,0.0,1684990.47,1.0,多頭,7
2023-03-06,1728916.42,0.0,1728916.42,1.0,多頭,7
2023-03-07,1731046.03,0.0,1731046.03,1.0,多頭,7
2023-03-08,1744164.63,0.0,1744164.63,1.0,多頭,7
2023-03-09,1744488.41,0.0,1744488.41,1.0,多頭,7
2023-03-10,1712857.43,0.0,1712857.43,1.0,盤整,7
2023-03-13,1705091.02,0.0,1705091.02,1.0,盤整,7
2023-03-14,1685828.64,0.0,1685828.64,1.0,盤整,7
2023-03-15,1677267.11,503062.05,1174205.06,0.7001,盤整,5
2023-03-16,1654706.36,503062.05,1151644.32,0.696,盤整,5
2023-03-17,1664344.57,499637.85,1164706.72,0.6998,盤整,6
2023-03-20,1669036.64,499637.85,1169398.79,0.7006,盤整,6
2023-03-21,1668569.76,499637.85,1168931.91,0.7006,盤整,6
2023-03-22,1670501.87,0.0,1670501.87,1.0,多頭,8
2023-03-23,1661845.23,0.0,1661845.23,1.0,多頭,8
2023-03-24,1681297.76,0.0,1681297.76,1.0,多頭,8
2023-03-27,1686755.33,0.0,1686755.33,1.0,多頭,8
2023-03-28,1649225.38,0.0,1649225.38,1.0,多頭,8
2023-03-29,1640809.82,0.0,1640809.82,1.0,多頭,8
2023-03-30,1666484.4,0.0,1666484.4,1.0,多頭,8
2023-03-31,1680901.68,0.0,1680901.68,1.0,多頭,8
2023-04-06,1683680.74,0.0,1683680.74,1.0,多頭,8
2023-04-07,1680222.49,0.0,1680222.49,1.0,多頭,8
2023-04-10,1697791.76,0.0,1697791.76,1.0,多頭,8
2023-04-11,1705897.47,0.0,1705897.47,1.0,多頭,8
2023-04-12,1700716.68,0.0,1700716.68,1.0,多頭,8
2023-04-13,1679726.16,0.0,1679726.16,1.0,多頭,8
2023-04-14,1670991.54,0.0,1670991.54,1.0,多頭,8
2023-04-17,1690627.23,0.0,1690627.23,1.0,多頭,8
2023-04-18,1670263.94,0.0,1670263.94,1.0,多頭,8
2023-04-19,1676007.18,0.0,1676007.18,1.0,盤整,8
2023-04-20,1665679.33,284166.16,1381513.17,0.8294,盤整,6
2023-04-21,1609288.64,284166.16,1325122.48,0.8234,盤整,6
2023-04-24,1634679.68,284166.16,1350513.52,0.8262,盤整,6
2023-04-25,1591837.19,978486.73,613350.46,0.3853,盤整,3
2023-04-26,1572173.55,1164598.59,407574.95,0.2592,盤整,2
2023-04-27,1571706.33,470938.35,1100767.99,0.7004,盤整,5
2023-04-28,1577744.77,470938.35,1106806.42,0.7015,盤整,5
2023-05-02,1591048.54,470938.35,1120110.19,0.704,盤整,5
2023-05-03,1586506.4,470938.35,1115568.06,0.7032,盤整,5
2023-05-04,1582654.55,470938.35,1111716.21,0.7024,盤整,5
2023-05-05,1580478.49,470938.35,1109540.15,0.702,盤整,5
2023-05-08,1587829.01,0.0,1587829.01,1.0,多頭,7
2023-05-09,1582001.0,0.0,1582001.0,1.0,多頭,7
2023-05-10,1568731.68,0.0,1568731.68,1.0,盤整,7
2023-05-11,1561355.9,0.0,1561355.9,1.0,盤整,7
2023-05-12,1613453.85,0.0,1613453.85,1.0,空頭,7
2023-05-15,1571368.9,0.0,1571368.9,1.0,空頭,7
2023-05-16,1596585.17,0.0,1596585.17,1.0,盤整,7
2023-05-17,1594700.64,0.0,1594700.64,1.0,盤整,7
2023-05-18,1607970.31,114238.02,1493732.29,0.929,盤整,6
2023-05-19,1640233.5,114238.02,1525995.48,0.9304,盤整,6
2023-05-22,1623647.11,114238.02,1509409.09,0.9296,盤整,6
2023-05-23,1628384.44,0.0,1628384.44,1.0,多頭,7
2023-05-24,1632748.19,0.0,1632748.19,1.0,多頭,7
2023-05-25,1689169.8,0.0,1689169.8,1.0,多頭,7
2023-05-26,1734204.19,0.0,1734204.19,1.0,多頭,7
2023-05-29,1778976.79,0.0,1778976.79,1.0,多頭,7
2023-05-30,1778547.86,0.0,1778547.86,1.0,多頭,7
2023-05-31,1778148.49,0.0,1778148.49,1.0,多頭,7
2023-06-01,1777400.71,0.0,1777400.71,1.0,多頭,7
2023-06-02,1803310.57,0.0,1803310.57,1.0,多頭,7
2023-06-05,1809457.03,0.0,1809457.03,1.0,多頭,7
2023-06-06,1798585.04,0.0,1798585.04,1.0,多頭,7
2023-06-07,1808839.34,0.0,1808839.34,1.0,多頭,7
2023-06-08,1787897.58,0.0,1787897.58,1.0,多頭,7
2023-06-09,1809696.09,0.0,1809696.09,1.0,多頭,7
2023-06-12,1781669.26,0.0,1781669.26,1.0,多頭,7
2023-06-13,1825265.08,0.0,1825265.08,1.0,多頭,7
2023-06-14,1831408.64,0.0,1831408.64,1.0,多頭,7
2023-06-15,1844952.25,0.0,1844952.25,1.0,多頭,7
2023-06-16,1835383.87,0.0,1835383.87,1.0,多頭,7
2023-06-19,1836515.12,0.0,1836515.12,1.0,多頭,7
2023-06-20,1836559.62,0.0,1836559.62,1.0,多頭,7
2023-06-21,1848306.09,0.0,1848306.09,1.0,多頭,7
2023-06-26,1845664.67,0.0,1845664.67,1.0,多頭,7
2023-06-27,1820796.45,347597.68,1473198.77,0.8091,盤整,6
2023-06-28,1841867.87,347597.68,1494270.19,0.8113,盤整,6
2023-06-29,1837378.88,551793.05,1285585.83,0.6997,盤整,6
2023-06-30,1836053.41,551793.05,1284260.35,0.6995,盤整,6
2023-07-03,1869122.85,0.0,1869122.85,1.0,多頭,8
2023-07-04,1939917.73,0.0,1939917.73,1.0,多頭,8
2023-07-05,1981303.5,0.0,1981303.5,1.0,多頭,8
2023-07-06,1963774.48,0.0,1963774.48,1.0,盤整,8
2023-07-07,1917736.04,501441.53,1416294.51,0.7385,盤整,6
2023-07-10,1904288.57,501441.53,1402847.04,0.7367,盤整,6
2023-07-11,1926459.66,501441.53,1425018.13,0.7397,盤整,6
2023-07-12,1951122.98,501441.53,1449681.45,0.743,盤整,6
2023-07-13,1955584.95,0.0,1955584.95,1.0,多頭,8
2023-07-14,1987245.57,0.0,1987245.57,1.0,多頭,8
2023-07-17,1995896.6,0.0,1995896.6,1.0,多頭,8
2023-07-18,2009179.53,0.0,2009179.53,1.0,多頭,8
2023-07-19,1985656.96,0.0,1985656.96,1.0,多頭,8
2023-07-20,2050558.54,0.0,2050558.54,1.0,多頭,8
2023-07-21,2074349.07,0.0,2074349.07,1.0,多頭,8
2023-07-24,2088549.71,0.0,2088549.71,1.0,多頭,8
2023-07-25,2097613.34,0.0,2097613.34,1.0,多頭,8
2023-07-26,2094770.18,0.0,2094770.18,1.0,多頭,8
2023-07-27,2150766.4,0.0,2150766.4,1.0,多頭,8
2023-07-28,2179916.38,0.0,2179916.38,1.0,多頭,8
2023-07-31,2111062.8,0.0,2111062.8,1.0,多頭,8
2023-08-01,2108241.42,0.0,2108241.42,1.0,多頭,9
2023-08-02,2040626.03,0.0,2040626.03,1.0,盤整,9
2023-08-04,2042293.02,0.0,2042293.02,1.0,盤整,9
2023-08-07,2078318.13,0.0,2078318.13,1.0,盤整,9
2023-08-08,2059589.85,0.0,2059589.85,1.0,盤整,9
2023-08-09,2054481.3,0.0,2054481.3,1.0,盤整,9
2023-08-10,1993869.31,0.0,1993869.31,1.0,盤整,9
2023-08-11,1983005.94,0.0,1983005.94,1.0,盤整,9
2023-08-14,1941715.02,455088.05,1486626.98,0.7656,盤整,7
2023-08-15,1970890.79,455088.05,1515802.74,0.7691,盤整,7
2023-08-16,1975318.53,455088.05,1520230.48,0.7696,盤整,7
2023-08-17,1988963.65,455088.05,1533875.6,0.7712,盤整,7
2023-08-18,1978146.51,455088.05,1523058.46,0.7699,空頭,7
2023-08-21,1979672.02,455088.05,1524583.97,0.7701,空頭,7
2023-08-22,1996716.29,455088.05,1541628.24,0.7721,空頭,7
2023-08-23,2053601.82,627990.46,1425611.36,0.6942,空頭,6
2023-08-24,2057429.33,617197.14,1440232.19,0.7,盤整,7
2023-08-25,2073744.13,617197.14,1456546.99,0.7024,空頭,7
2023-08-28,2038245.84,617197.14,1421048.7,0.6972,空頭,7
2023-08-29,2029413.43,1220726.31,808687.12,0.3985,空頭,5
2023-08-30,2046857.73,615080.81,1431776.92,0.6995,盤整,8
2023-08-31,2034098.48,615636.66,1418461.82,0.6973,盤整,8
2023-09-01,2026407.79,615636.66,1410771.12,0.6962,盤整,8
2023-09-04,2054543.57,615636.66,1438906.9,0.7004,盤整,8
2023-09-05,2088984.56,615636.66,1473347.89,0.7053,盤整,8
2023-09-06,2074708.76,615636.66,1459072.1,0.7033,盤整,8
2023-09-07,2046889.93,615636.66,1431253.26,0.6992,盤整,8
2023-09-08,2038094.76,615636.66,1422458.1,0.6979,盤整,8
2023-09-11,1982769.54,615636.66,1367132.88,0.6895,空頭,8
2023-09-12,1988812.15,615636.66,1373175.48,0.6905,空頭,8
2023-09-13,1997005.06,615636.66,1381368.4,0.6917,空頭,8
2023-09-14,2025038.83,615636.66,1409402.16,0.696,盤整,8
2023-09-15,2011122.26,603356.92,1407765.34,0.7,盤整,9
2023-09-18,2008721.21,603356.92,1405364.29,0.6996,盤整,9
2023-09-19,1986855.11,603356.92,1383498.19,0.6963,空頭,9
2023-09-20,1969439.6,603356.92,1366082.68,0.6936,空頭,9
2023-09-21,1962697.63,603356.92,1359340.71,0.6926,空頭,9
2023-09-22,1971228.0,613924.73,1357303.27,0.6886,空頭,8
2023-09-25,1980251.18,613924.73,1366326.45,0.69,空頭,8
2023-09-26,1965135.64,613924.73,1351210.9,0.6876,空頭,8
2023-09-27,1964822.37,746495.78,1218326.59,0.6201,空頭,7
2023-09-28,1969366.92,1182227.64,787139.28,0.3997,空頭,5
2023-10-02,1962939.18,1177859.07,785080.1,0.4,空頭,4
2023-10-03,1952507.41,1177859.07,774648.34,0.3967,空頭,4
2023-10-04,1948294.36,1177859.07,770435.29,0.3954,空頭,4
2023-10-05,1947632.54,1177859.07,769773.47,0.3952,空頭,4
2023-10-06,1939631.4,584093.4,1355538.0,0.6989,盤整,7
2023-10-11,1929685.21,584093.4,1345591.81,0.6973,盤整,7
2023-10-12,1943361.77,584093.4,1359268.37,0.6994,盤整,7
2023-10-13,1942716.1,584093.4,1358622.7,0.6993,盤整,7
2023-10-16,1900284.64,570076.44,1330208.2,0.7,盤整,8
2023-10-17,1894915.17,570076.44,1324838.73,0.6992,盤整,8
2023-10-18,1891457.85,570076.44,1321381.41,0.6986,空頭,8
2023-10-19,1880999.49,581746.98,1299252.51,0.6907,空頭,7
2023-10-20,1858768.74,581746.98,1277021.75,0.687,空頭,7
2023-10-23,1853796.88,581746.98,1272049.89,0.6862,空頭,7
2023-10-24,1880382.72,581746.98,1298635.74,0.6906,空頭,7
2023-10-25,1888063.58,581746.98,1306316.6,0.6919,空頭,7
2023-10-26,1848594.74,581746.98,1266847.75,0.6853,空頭,7
2023-10-27,1839545.09,581746.98,1257798.1,0.6838,空頭,7
2023-10-30,1859477.59,581746.98,1277730.6,0.6871,空頭,7
2023-10-31,1814952.94,581746.98,1233205.96,0.6795,空頭,7
2023-11-01,1830469.82,686249.83,1144219.99,0.6251,空頭,6
2023-11-02,1828703.02,552148.04,1276554.98,0.6981,盤整,7
2023-11-03,1829278.97,552148.04,1277130.93,0.6982,盤整,7
2023-11-06,1844265.13,552148.04,1292117.09,0.7006,盤整,7
2023-11-07,1867349.75,552148.04,1315201.71,0.7043,盤整,7
2023-11-08,1863030.73,558909.55,1304121.17,0.7,盤整,6
2023-11-09,1859530.86,558909.55,1300621.3,0.6994,盤整,6
2023-11-10,1858996.3,558909.55,1300086.74,0.6993,盤整,6
2023-11-13,1874636.43,558909.55,1315726.88,0.7019,盤整,6
2023-11-14,1861951.3,558693.16,1303258.14,0.6999,盤整,6
2023-11-15,1855168.03,558693.16,1296474.87,0.6988,盤整,6
2023-11-16,1854439.27,558693.16,1295746.11,0.6987,盤整,6
2023-11-17,1881385.98,558693.16,1322692.82,0.703,盤整,6
2023-11-20,1908409.77,0.0,1908409.77,1.0,多頭,8
2023-11-21,1935753.65,0.0,1935753.65,1.0,多頭,8
2023-11-22,1983814.78,0.0,1983814.78,1.0,多頭,8
2023-11-23,1964479.77,0.0,1964479.77,1.0,多頭,8
2023-11-24,1992586.02,0.0,1992586.02,1.0,多頭,8
2023-11-27,1980297.09,0.0,1980297.09,1.0,多頭,8
2023-11-28,2039676.98,0.0,2039676.98,1.0,多頭,8
2023-11-29,2099727.13,0.0,2099727.13,1.0,多頭,8
2023-11-30,2064498.91,0.0,2064498.91,1.0,多頭,8
2023-12-01,2055819.11,0.0,2055819.11,1.0,多頭,8
2023-12-04,2077622.23,0.0,2077622.23,1.0,多頭,8
2023-12-05,2058609.79,0.0,2058609.79,1.0,多頭,8
2023-12-06,2067258.08,0.0,2067258.08,1.0,多頭,8
2023-12-07,2031422.17,324291.49,1707130.68,0.8404,多頭,7
2023-12-08,2033571.89,0.0,2033571.89,1.0,多頭,8
2023-12-11,2022480.67,0.0,2022480.67,1.0,多頭,8
2023-12-12,2004589.39,0.0,2004589.39,1.0,多頭,8
2023-12-13,2012212.63,0.0,2012212.63,1.0,多頭,8
2023-12-14,2038954.56,0.0,2038954.56,1.0,多頭,8
2023-12-15,2007385.61,0.0,2007385.61,1.0,多頭,8
2023-12-18,1965289.89,0.0,1965289.89,1.0,多頭,8
2023-12-19,1945353.33,0.0,1945353.33,1.0,多頭,8
2023-12-20,1971836.61,0.0,1971836.61,1.0,多頭,8
2023-12-21,1962612.14,0.0,1962612.14,1.0,多頭,8
2023-12-22,1954225.05,0.0,1954225.05,1.0,多頭,8
2023-12-25,1939685.66,0.0,1939685.66,1.0,多頭,8
2023-12-26,1957008.77,0.0,1957008.77,1.0,多頭,8
2023-12-27,1966614.97,0.0,1966614.97,1.0,多頭,8
2023-12-28,1960586.5,0.0,1960586.5,1.0,多頭,8
2023-12-29,1965224.78,0.0,1965224.78,1.0,多頭,8
2024-01-02,1963128.7,500315.46,1462813.25,0.7451,多頭,6
2024-01-03,1951069.96,500315.46,1450754.51,0.7436,盤整,6
2024-01-04,1928331.38,500315.46,1428015.93,0.7405,盤整,6
2024-01-05,1948307.79,500315.46,1447992.34,0.7432,盤整,6
2024-01-08,1931871.94,580068.87,1351803.07,0.6997,盤整,7
2024-01-09,1920011.1,857587.76,1062423.34,0.5533,盤整,6
2024-01-10,1927391.54,579249.67,1348141.87,0.6995,盤整,7
2024-01-11,1954491.21,579249.67,1375241.54,0.7036,盤整,7
2024-01-12,1948095.62,593221.67,1354873.95,0.6955,盤整,6
2024-01-15,1955813.12,593221.67,1362591.45,0.6967,盤整,6
2024-01-16,1977338.46,593221.67,1384116.8,0.7,盤整,6
2024-01-17,1967948.64,593221.67,1374726.97,0.6986,盤整,6
2024-01-18,1959516.78,842200.26,1117316.52,0.5702,盤整,5
2024-01-19,1957460.81,0.0,1957460.81,1.0,多頭,8
2024-01-22,2004057.3,0.0,2004057.3,1.0,多頭,8
2024-01-23,2013361.89,0.0,2013361.89,1.0,多頭,8
2024-01-24,2000422.47,0.0,2000422.47,1.0,多頭,8
2024-01-25,1997120.61,0.0,1997120.61,1.0,多頭,8
2024-01-26,2009581.15,0.0,2009581.15,1.0,多頭,8
2024-01-29,2043988.24,0.0,2043988.24,1.0,多頭,8
2024-01-30,2084734.75,0.0,2084734.75,1.0,多頭,8
2024-01-31,2056108.83,225713.66,1830395.17,0.8902,多頭,8
2024-02-01,2031659.21,0.0,2031659.21,1.0,多頭,9
2024-02-02,2035522.3,0.0,2035522.3,1.0,多頭,9
2024-02-05,2009665.12,0.0,2009665.12,1.0,多頭,9
2024-02-15,2057320.78,0.0,2057320.78,1.0,多頭,8
2024-02-16,2062270.47,0.0,2062270.47,1.0,多頭,8
2024-02-19,2060702.35,0.0,2060702.35,1.0,多頭,8
2024-02-20,2042359.91,0.0,2042359.91,1.0,多頭,8
2024-02-21,2044055.79,0.0,2044055.79,1.0,多頭,8
2024-02-22,2059376.67,0.0,2059376.67,1.0,多頭,8
2024-02-23,2071278.46,0.0,2071278.46,1.0,多頭,8
2024-02-26,2135201.28,0.0,2135201.28,1.0,多頭,8
2024-02-27,2077177.76,0.0,2077177.76,1.0,多頭,9
2024-02-29,2064263.09,0.0,2064263.09,1.0,多頭,9
2024-03-01,2068585.84,0.0,2068585.84,1.0,多頭,9
2024-03-04,2081245.81,0.0,2081245.81,1.0,多頭,9
2024-03-05,2074072.41,0.0,2074072.41,1.0,多頭,9
2024-03-06,2063925.48,0.0,2063925.48,1.0,多頭,9
2024-03-07,2025457.83,0.0,2025457.83,1.0,多頭,9
2024-03-08,1962110.12,0.0,1962110.12,1.0,多頭,9
2024-03-11,1962965.78,0.0,1962965.78,1.0,多頭,9
2024-03-12,1974994.59,0.0,1974994.59,1.0,多頭,9
2024-03-13,1961762.35,0.0,1961762.35,1.0,多頭,9
2024-03-14,1963286.18,0.0,1963286.18,1.0,多頭,9
2024-03-15,1956120.9,0.0,1956120.9,1.0,多頭,9
2024-03-18,1995993.19,0.0,1995993.19,1.0,多頭,10
2024-03-19,2003058.01,0.0,2003058.01,1.0,多頭,10
2024-03-20,1997511.01,0.0,1997511.01,1.0,多頭,10
2024-03-21,2039575.81,0.0,2039575.81,1.0,多頭,10
2024-03-22,2029935.74,0.0,2029935.74,1.0,多頭,10
2024-03-25,2029107.7,0.0,2029107.7,1.0,多頭,10
2024-03-26,2000276.68,0.0,2000276.68,1.0,多頭,10
2024-03-27,2022775.1,0.0,2022775.1,1.0,多頭,10
2024-03-28,2014622.02,0.0,2014622.02,1.0,多頭,9
2024-03-29,1998342.92,0.0,1998342.92,1.0,多頭,10
2024-04-01,1983170.06,0.0,1983170.06,1.0,多頭,10
2024-04-02,2006048.92,0.0,2006048.92,1.0,多頭,10
2024-04-03,1987502.22,0.0,1987502.22,1.0,多頭,10
2024-04-08,1991596.61,0.0,1991596.61,1.0,多頭,10
2024-04-09,1986193.76,0.0,1986193.76,1.0,多頭,10
2024-04-10,1976463.91,0.0,1976463.91,1.0,多頭,10
2024-04-11,1965486.76,0.0,1965486.76,1.0,多頭,10
2024-04-12,1982636.26,4104.3,1978531.97,0.9979,多頭,10
2024-04-15,1924333.7,0.0,1924333.7,1.0,多頭,10
2024-04-16,1828698.7,0.0,1828698.7,1.0,盤整,10
2024-04-17,1874635.54,0.0,1874635.54,1.0,盤整,10
2024-04-18,1857456.24,277475.9,1579980.34,0.8506,盤整,8
2024-04-19,1799984.3,277475.9,1522508.4,0.8458,盤整,8
2024-04-22,1743240.06,456557.7,1286682.35,0.7381,盤整,7
2024-04-23,1769319.11,456557.7,1312761.4,0.742,盤整,7
2024-04-24,1838074.57,456557.7,1381516.86,0.7516,盤整,7
2024-04-25,1857255.02,456557.7,1400697.31,0.7542,盤整,7
2024-04-26,1885288.66,456557.7,1428730.95,0.7578,盤整,7
2024-04-29,1918393.29,0.0,1918393.29,1.0,多頭,9
2024-04-30,1913929.35,4301.54,1909627.81,0.9978,多頭,9
2024-05-02,1914856.21,574535.18,1340321.04,0.7,盤整,6
2024-05-03,1907347.53,0.0,1907347.53,1.0,多頭,9
2024-05-06,1935785.96,0.0,1935785.96,1.0,多頭,9
2024-05-07,1932217.18,0.0,1932217.18,1.0,多頭,9
2024-05-08,1938574.12,0.0,1938574.12,1.0,多頭,9
2024-05-09,1916827.65,0.0,1916827.65,1.0,多頭,9
2024-05-10,1910246.62,0.0,1910246.62,1.0,多頭,9
2024-05-13,1903228.93,0.0,1903228.93,1.0,多頭,9
2024-05-14,1901516.07,0.0,1901516.07,1.0,多頭,9
2024-05-15,1906003.96,0.0,1906003.96,1.0,多頭,9
2024-05-16,1938701.46,0.0,1938701.46,1.0,多頭,9
2024-05-17,1940818.77,0.0,1940818.77,1.0,多頭,9
2024-05-20,1913133.44,0.0,1913133.44,1.0,多頭,9
2024-05-21,1915276.48,0.0,1915276.48,1.0,多頭,9
2024-05-22,1963063.57,0.0,1963063.57,1.0,多頭,9
2024-05-23,1971497.14,0.0,1971497.14,1.0,多頭,9
2024-05-24,1999527.14,0.0,1999527.14,1.0,多頭,9
2024-05-27,2022702.35,0.0,2022702.35,1.0,多頭,9
2024-05-28,2025487.14,0.0,2025487.14,1.0,多頭,9
2024-05-29,2001374.4,0.0,2001374.4,1.0,多頭,9
2024-05-30,1989442.57,0.0,1989442.57,1.0,多頭,10
2024-05-31,2011839.85,280022.81,1731817.05,0.8608,盤整,9
2024-06-03,2067597.36,0.0,2067597.36,1.0,多頭,9
2024-06-04,2040687.02,0.0,2040687.02,1.0,多頭,9
2024-06-05,2034506.0,0.0,2034506.0,1.0,多頭,9
2024-06-06,2039593.89,0.0,2039593.89,1.0,多頭,9
2024-06-07,2062691.0,0.0,2062691.0,1.0,多頭,9
2024-06-11,2094137.98,0.0,2094137.98,1.0,多頭,9
2024-06-12,2100325.52,0.0,2100325.52,1.0,多頭,9
2024-06-13,2103122.03,0.0,2103122.03,1.0,多頭,10
2024-06-14,2048614.48,0.0,2048614.48,1.0,多頭,10
2024-06-17,2089829.79,0.0,2089829.79,1.0,多頭,10
2024-06-18,2095925.33,0.0,2095925.33,1.0,多頭,10
2024-06-19,2094993.55,0.0,2094993.55,1.0,多頭,10
2024-06-20,2117842.49,0.0,2117842.49,1.0,多頭,10
2024-06-21,2107859.3,0.0,2107859.3,1.0,多頭,10
2024-06-24,2092305.42,0.0,2092305.42,1.0,多頭,10
2024-06-25,2102246.01,0.0,2102246.01,1.0,多頭,10
2024-06-26,2109909.67,0.0,2109909.67,1.0,多頭,10
2024-06-27,2089398.46,0.0,2089398.46,1.0,多頭,10
2024-06-28,2135496.15,0.0,2135496.15,1.0,多頭,11
2024-07-01,2174124.92,0.0,2174124.92,1.0,多頭,11
2024-07-02,2159773.74,0.0,2159773.74,1.0,多頭,11
2024-07-03,2152149.03,0.0,2152149.03,1.0,多頭,12
2024-07-04,2200760.38,0.0,2200760.38,1.0,多頭,12
2024-07-05,2267432.29,0.0,2267432.29,1.0,多頭,12
2024-07-08,2238852.65,0.0,2238852.65,1.0,多頭,12
2024-07-09,2197807.09,0.0,2197807.09,1.0,多頭,12
2024-07-10,2226996.43,0.0,2226996.43,1.0,多頭,12
2024-07-11,2236299.51,0.0,2236299.51,1.0,多頭,12
2024-07-12,2203223.21,0.0,2203223.21,1.0,多頭,11
2024-07-15,2175137.08,0.0,2175137.08,1.0,多頭,12
2024-07-16,2171224.55,0.0,2171224.55,1.0,多頭,12
2024-07-17,2199708.14,0.0,2199708.14,1.0,多頭,12
2024-07-18,2147547.74,0.0,2147547.74,1.0,盤整,12
2024-07-19,2097136.54,0.0,2097136.54,1.0,盤整,12
2024-07-22,2048014.48,0.0,2048014.48,1.0,盤整,12
2024-07-23,2075630.34,0.0,2075630.34,1.0,盤整,12
2024-07-26,2030395.53,0.0,2030395.53,1.0,盤整,12
2024-07-29,1939978.78,0.0,1939978.78,1.0,盤整,12
2024-07-30,1959565.89,0.0,1959565.89,1.0,盤整,12
2024-07-31,1948695.13,496102.92,1452592.2,0.7454,盤整,9
2024-08-01,2039568.0,610746.86,1428821.14,0.7006,盤整,8
2024-08-02,1994477.32,598281.04,1396196.28,0.7,盤整,9
2024-08-05,1872911.75,1393633.5,479278.25,0.2559,盤整,5
2024-08-06,1875049.22,1214374.49,660674.73,0.3524,盤整,6
2024-08-07,1921014.55,1029842.0,891172.55,0.4639,盤整,7
2024-08-08,1914513.32,1029842.0,884671.32,0.4621,盤整,7
2024-08-09,1958034.76,587951.93,1370082.83,0.6997,盤整,10
2024-08-12,1973184.87,587951.93,1385232.94,0.702,空頭,10
2024-08-13,1977452.55,587951.93,1389500.62,0.7027,空頭,10
2024-08-14,2005095.44,894107.92,1110987.52,0.5541,空頭,9
2024-08-15,1996856.62,1086408.75,910447.87,0.4559,空頭,7
2024-08-16,2019948.33,607571.74,1412376.59,0.6992,盤整,10
2024-08-19,2029049.81,607571.74,1421478.07,0.7006,盤整,10
2024-08-20,2033011.29,607571.74,1425439.55,0.7011,盤整,10
2024-08-21,1997044.16,607571.74,1389472.42,0.6958,盤整,10
2024-08-22,2002683.11,607571.74,1395111.37,0.6966,盤整,10
2024-08-23,2012422.37,607571.74,1404850.63,0.6981,盤整,10
2024-08-26,1998210.75,607571.74,1390639.01,0.6959,盤整,10
2024-08-27,2012212.41,607571.74,1404640.67,0.6981,盤整,10
2024-08-28,2010966.69,607571.74,1403394.95,0.6979,盤整,10
2024-08-29,2030674.19,607571.74,1423102.45,0.7008,盤整,10
2024-08-30,2034571.21,611068.82,1423502.39,0.6997,盤整,10
2024-09-02,2023977.19,606831.81,1417145.39,0.7002,盤整,10
2024-09-03,2000301.36,606831.81,1393469.55,0.6966,盤整,10
2024-09-04,1942715.02,788056.67,1154658.35,0.5944,空頭,9
2024-09-05,1931767.9,994833.99,936933.92,0.485,空頭,8
2024-09-06,1933684.55,994833.99,938850.56,0.4855,空頭,8
2024-09-09,1925738.97,1155443.38,770295.59,0.4,空頭,6
2024-09-10,1901208.78,1155443.38,745765.4,0.3923,空頭,6
2024-09-11,1885115.45,1155443.38,729672.07,0.3871,空頭,6
2024-09-12,1909839.65,1155443.38,754396.27,0.395,空頭,6
2024-09-13,1922807.36,1155443.38,767363.98,0.3991,空頭,6
2024-09-16,1917818.2,579835.03,1337983.17,0.6977,盤整,8
2024-09-18,1913454.78,579835.03,1333619.75,0.697,空頭,8
2024-09-19,1953987.23,579835.03,1374152.2,0.7033,盤整,8
2024-09-20,1966369.92,579835.03,1386534.89,0.7051,盤整,8
2024-09-23,1979835.52,579835.03,1400000.49,0.7071,盤整,8
2024-09-24,1967447.72,579835.03,1387612.69,0.7053,盤整,8
2024-09-25,1981651.48,579835.03,1401816.45,0.7074,盤整,8
2024-09-26,1973775.82,579835.03,1393940.79,0.7062,盤整,8
2024-09-27,1982661.65,579835.03,1402826.62,0.7075,盤整,8
2024-09-30,1972547.24,579835.03,1392712.21,0.706,盤整,8
2024-10-01,1967057.81,590117.34,1376940.47,0.7,盤整,8
2024-10-04,1963237.69,589095.16,1374142.53,0.6999,盤整,8
2024-10-07,1976483.06,589095.16,1387387.9,0.7019,盤整,8
2024-10-08,1937751.68,589095.16,1348656.52,0.696,盤整,8
2024-10-09,1913591.39,574099.36,1339492.04,0.7,盤整,9
2024-10-11,1896065.95,0.0,1896065.95,1.0,多頭,12
2024-10-14,1909527.7,0.0,1909527.7,1.0,多頭,13
2024-10-15,1939976.61,0.0,1939976.61,1.0,多頭,13
2024-10-16,1944848.47,0.0,1944848.47,1.0,多頭,13
2024-10-17,1958290.72,0.0,1958290.72,1.0,多頭,13
2024-10-18,1943294.72,0.0,1943294.72,1.0,多頭,13
2024-10-21,1984870.09,0.0,1984870.09,1.0,多頭,14
2024-10-22,1987061.02,0.0,1987061.02,1.0,多頭,14
2024-10-23,1968512.8,0.0,1968512.8,1.0,多頭,14
2024-10-24,1920557.16,0.0,1920557.16,1.0,多頭,14
2024-10-25,1933336.35,0.0,1933336.35,1.0,多頭,14
2024-10-28,1915949.31,0.0,1915949.31,1.0,多頭,14
2024-10-29,1876448.0,0.0,1876448.0,1.0,盤整,14
2024-10-30,1882434.59,0.0,1882434.59,1.0,盤整,14
2024-11-01,1889762.29,0.0,1889762.29,1.0,盤整,14
2024-11-04,1868861.54,0.0,1868861.54,1.0,盤整,14
2024-11-05,1903039.19,0.0,1903039.19,1.0,多頭,14
2024-11-06,1920837.51,0.0,1920837.51,1.0,多頭,14
2024-11-07,1942632.5,0.0,1942632.5,1.0,多頭,14
2024-11-08,1896617.43,0.0,1896617.43,1.0,多頭,14
2024-11-11,1870121.15,0.0,1870121.15,1.0,多頭,14
2024-11-12,1819810.0,545982.61,1273827.39,0.7,盤整,12
2024-11-13,1795398.29,541376.14,1254022.15,0.6985,盤整,11
2024-11-14,1774334.84,532280.81,1242054.03,0.7,盤整,12
2024-11-15,1761075.64,532280.81,1228794.83,0.6978,盤整,12
2024-11-18,1743983.61,523199.25,1220784.36,0.7,盤整,13
2024-11-19,1773668.9,523199.25,1250469.65,0.705,盤整,13
2024-11-20,1756823.63,1408771.85,348051.78,0.1981,盤整,7
2024-11-21,1746949.95,591271.4,1155678.56,0.6615,盤整,11
2024-11-22,1760848.67,528399.73,1232448.93,0.6999,盤整,12
2024-11-25,1771486.86,528399.73,1243087.13,0.7017,盤整,12
2024-11-26,1751875.91,528399.73,1223476.17,0.6984,盤整,12
2024-11-27,1721587.36,516480.6,1205106.77,0.7,盤整,13
2024-11-28,1705015.64,516480.6,1188535.05,0.6971,盤整,13
2024-11-29,1731203.17,516480.6,1214722.57,0.7017,盤整,13
2024-12-02,1724509.3,516480.6,1208028.7,0.7005,盤整,13
2024-12-03,1738953.09,0.0,1738953.09,1.0,多頭,15
2024-12-04,1799855.84,0.0,1799855.84,1.0,多頭,15
2024-12-05,1786902.02,0.0,1786902.02,1.0,多頭,15
2024-12-06,1758393.23,0.0,1758393.23,1.0,多頭,15
2024-12-09,1729606.09,0.0,1729606.09,1.0,多頭,15
2024-12-10,1692932.8,0.0,1692932.8,1.0,多頭,15
2024-12-11,1695490.97,0.0,1695490.97,1.0,多頭,15
2024-12-12,1683137.71,184465.33,1498672.37,0.8904,盤整,14
2024-12-13,1646680.76,193005.17,1453675.59,0.8828,盤整,13
2024-12-16,1609681.26,193005.17,1416676.09,0.8801,盤整,13
2024-12-17,1627635.44,201800.25,1425835.2,0.876,盤整,12
2024-12-18,1626854.59,201800.25,1425054.34,0.876,盤整,12
2024-12-19,1631606.23,201800.25,1429805.98,0.8763,盤整,12
2024-12-20,1606266.09,929072.67,677193.42,0.4216,空頭,8
2024-12-23,1607850.97,484172.18,1123678.79,0.6989,盤整,10
2024-12-24,1630691.43,484172.18,1146519.25,0.7031,盤整,10
2024-12-25,1652091.41,0.0,1652091.41,1.0,多頭,13
2024-12-26,1648657.15,0.0,1648657.15,1.0,多頭,13
2024-12-27,1621871.95,0.0,1621871.95,1.0,多頭,13
2024-12-30,1610540.3,0.0,1610540.3,1.0,多頭,13
2024-12-31,1620489.67,0.0,1620489.67,1.0,盤整,13
2025-01-02,1597390.7,479338.19,1118052.5,0.6999,盤整,12
2025-01-03,1604230.59,481557.85,1122672.74,0.6998,盤整,12
2025-01-06,1608703.58,0.0,1608703.58,1.0,多頭,13
2025-01-07,1626366.44,0.0,1626366.44,1.0,多頭,13
2025-01-08,1596776.47,0.0,1596776.47,1.0,多頭,13
2025-01-09,1528677.96,15335.86,1513342.1,0.99,盤整,12
2025-01-10,1538280.81,29742.46,1508538.35,0.9807,盤整,11
2025-01-13,1502375.05,29742.46,1472632.59,0.9802,盤整,11
2025-01-14,1520491.71,29742.46,1490749.25,0.9804,盤整,11
2025-01-15,1495277.27,29742.46,1465534.81,0.9801,盤整,11
2025-01-16,1550795.72,29742.46,1521053.26,0.9808,盤整,11
2025-01-17,1537390.03,0.0,1537390.03,1.0,多頭,12
2025-01-20,1578913.76,0.0,1578913.76,1.0,多頭,12
2025-01-21,1574046.66,0.0,1574046.66,1.0,多頭,12
2025-01-22,1596535.28,0.0,1596535.28,1.0,多頭,12
2025-02-03,1522924.52,0.0,1522924.52,1.0,盤整,12
2025-02-04,1506073.94,376063.54,1130010.39,0.7503,盤整,9
2025-02-05,1526190.48,0.0,1526190.48,1.0,多頭,11
2025-02-06,1539935.92,0.0,1539935.92,1.0,多頭,11
2025-02-07,1574409.97,0.0,1574409.97,1.0,多頭,11
2025-02-10,1572646.28,0.0,1572646.28,1.0,多頭,11
2025-02-11,1580157.62,0.0,1580157.62,1.0,多頭,11
2025-02-12,1562866.62,0.0,1562866.62,1.0,多頭,11
2025-02-13,1577566.57,0.0,1577566.57,1.0,多頭,11
2025-02-14,1568122.39,0.0,1568122.39,1.0,多頭,11
2025-02-17,1587882.06,0.0,1587882.06,1.0,多頭,11
2025-02-18,1594552.35,0.0,1594552.35,1.0,多頭,11
2025-02-19,1602720.55,0.0,1602720.55,1.0,多頭,11
2025-02-20,1592889.98,0.0,1592889.98,1.0,多頭,11
2025-02-21,1604521.72,0.0,1604521.72,1.0,多頭,11
2025-02-24,1601496.9,0.0,1601496.9,1.0,多頭,11
2025-02-25,1571522.64,0.0,1571522.64,1.0,盤整,11
2025-02-26,1572117.32,0.0,1572117.32,1.0,多頭,11
2025-02-27,1543921.99,0.0,1543921.99,1.0,盤整,11
2025-03-03,1492402.86,0.0,1492402.86,1.0,盤整,11
2025-03-04,1507506.38,572961.34,934545.04,0.6199,盤整,8
2025-03-05,1511911.28,454332.61,1057578.67,0.6995,盤整,9
2025-03-06,1504989.71,454332.61,1050657.1,0.6981,盤整,9
2025-03-07,1483566.38,446018.11,1037548.27,0.6994,盤整,8
2025-03-10,1475037.61,446018.11,1029019.49,0.6976,盤整,8
2025-03-11,1460950.82,438282.81,1022668.01,0.7,盤整,9
2025-03-12,1486773.77,438282.81,1048490.96,0.7052,空頭,9
2025-03-13,1462860.1,459486.17,1003373.94,0.6859,空頭,8
2025-03-14,1472277.32,509539.92,962737.4,0.6539,空頭,7
2025-03-17,1472730.39,934386.01,538344.38,0.3655,空頭,5
2025-03-18,1484889.43,891148.69,593740.74,0.3999,空頭,6
2025-03-19,1476912.51,891148.69,585763.82,0.3966,空頭,6
2025-03-20,1479093.19,891148.69,587944.5,0.3975,空頭,6
2025-03-21,1469432.37,891148.69,578283.68,0.3935,空頭,6
2025-03-24,1446994.97,868408.18,578586.79,0.3999,空頭,7
2025-03-25,1444530.81,868408.18,576122.64,0.3988,空頭,7
2025-03-26,1453473.14,868408.18,585064.96,0.4025,空頭,7
2025-03-27,1458799.49,868408.18,590391.32,0.4047,空頭,7
2025-03-28,1442230.05,893992.45,548237.6,0.3801,空頭,6
2025-03-31,1406625.17,893992.45,512632.72,0.3644,空頭,6
2025-04-01,1419872.62,893992.45,525880.17,0.3704,空頭,6
2025-04-02,1423457.54,893992.45,529465.09,0.372,空頭,6
2025-04-07,1370189.49,983139.97,387049.52,0.2825,空頭,5
2025-04-08,1335764.49,983139.97,352624.52,0.264,空頭,5
2025-04-09,1304498.35,1256193.49,48304.86,0.037,空頭,3
2025-04-10,1309283.71,1256193.49,53090.22,0.0405,空頭,3
2025-04-11,1308491.56,1262802.88,45688.68,0.0349,空頭,2
2025-04-14,1309687.54,1262802.88,46884.66,0.0358,空頭,2
2025-04-15,1311711.53,1262802.88,48908.65,0.0373,空頭,2
2025-04-16,1310373.12,1262802.88,47570.24,0.0363,空頭,2
2025-04-17,1310085.67,1262802.88,47282.79,0.0361,空頭,2
2025-04-18,1310387.74,1293673.19,16714.55,0.0128,空頭,1
2025-04-21,1309847.37,1293673.19,16174.17,0.0123,空頭,1
2025-04-22,1309567.26,1293673.19,15894.07,0.0121,空頭,1
2025-04-23,1310060.54,1293673.19,16387.35,0.0125,空頭,1
2025-04-24,1309927.51,1309927.51,0.0,0.0,空頭,0
2025-04-25,1305269.68,665260.96,640008.72,0.4903,盤整,5
2025-04-28,1310013.04,393381.8,916631.24,0.6997,盤整,7
2025-04-29,1316610.05,393381.8,923228.25,0.7012,盤整,7
2025-04-30,1301408.46,393381.8,908026.66,0.6977,盤整,7
2025-05-02,1302202.73,393381.8,908820.93,0.6979,盤整,7
2025-05-05,1273360.86,393381.8,879979.06,0.6911,盤整,7
2025-05-06,1274432.48,382841.96,891590.52,0.6996,盤整,8
2025-05-07,1276855.86,382841.96,894013.9,0.7002,盤整,8
2025-05-08,1311266.04,382841.96,928424.08,0.708,盤整,8
2025-05-09,1322741.54,382841.96,939899.58,0.7106,盤整,8
2025-05-12,1327897.86,382841.96,945055.9,0.7117,盤整,8
2025-05-13,1339792.19,382841.96,956950.23,0.7143,盤整,8
2025-05-14,1352220.46,382841.96,969378.5,0.7169,盤整,8
2025-05-15,1345474.73,382841.96,962632.77,0.7155,盤整,8
2025-05-16,1350110.04,382841.96,967268.08,0.7164,盤整,8
2025-05-19,1334075.44,382841.96,951233.48,0.713,盤整,8
2025-05-20,1338243.61,382841.96,955401.65,0.7139,盤整,8
2025-05-21,1350436.97,382841.96,967595.01,0.7165,盤整,8
2025-05-22,1344805.84,382841.96,961963.88,0.7153,盤整,8
2025-05-23,1334303.63,382841.96,951461.67,0.7131,盤整,8
2025-05-26,1329901.52,262814.75,1067086.77,0.8024,多頭,9
2025-05-27,1318498.69,651482.44,667016.25,0.5059,多頭,5
2025-05-28,1309846.16,603586.09,706260.07,0.5392,多頭,5
2025-05-29,1304653.24,236306.32,1068346.91,0.8189,多頭,7
2025-06-02,1277767.48,236306.32,1041461.16,0.8151,盤整,7
2025-06-03,1292106.53,236306.32,1055800.21,0.8171,盤整,7
2025-06-04,1318960.44,213365.79,1105594.66,0.8382,多頭,9
2025-06-05,1319472.97,38321.62,1281151.35,0.971,多頭,9
2025-06-06,1318397.45,0.0,1318397.45,1.0,多頭,10
2025-06-09,1318753.4,0.0,1318753.4,1.0,多頭,10
2025-06-10,1321485.46,0.0,1321485.46,1.0,多頭,10
2025-06-11,1328345.03,0.0,1328345.03,1.0,多頭,10
2025-06-12,1328618.84,0.0,1328618.84,1.0,多頭,10
2025-06-13,1302752.51,0.0,1302752.51,1.0,多頭,10
2025-06-16,1319820.18,0.0,1319820.18,1.0,多頭,10
2025-06-17,1317701.57,0.0,1317701.57,1.0,多頭,10
2025-06-18,1322541.21,0.0,1322541.21,1.0,多頭,10
2025-06-19,1297790.66,0.0,1297790.66,1.0,多頭,10
2025-06-20,1282925.48,0.0,1282925.48,1.0,多頭,10
2025-06-23,1278192.85,0.0,1278192.85,1.0,盤整,10
2025-06-24,1321005.06,0.0,1321005.06,1.0,多頭,10
2025-06-25,1308056.28,92164.96,1215891.32,0.9295,多頭,10
2025-06-26,1307256.69,228430.96,1078825.73,0.8253,多頭,10
2025-06-27,1303226.23,572237.44,730988.8,0.5609,多頭,8
2025-06-30,1289423.81,686590.38,602833.43,0.4675,多頭,7
2025-07-01,1286586.65,79849.71,1206736.94,0.9379,多頭,11
2025-07-02,1291577.38,68483.68,1223093.7,0.947,多頭,12
2025-07-03,1313158.04,0.0,1313158.04,1.0,多頭,12
2025-07-04,1272685.02,45548.74,1227136.29,0.9642,多頭,12
2025-07-07,1244731.17,78759.89,1165971.27,0.9367,多頭,11
2025-07-08,1229017.14,78759.89,1150257.25,0.9359,多頭,11
2025-07-09,1243572.74,0.0,1243572.74,1.0,多頭,12
2025-07-10,1238122.4,0.0,1238122.4,1.0,多頭,12
2025-07-11,1255094.14,0.0,1255094.14,1.0,多頭,12
2025-07-14,1243520.42,0.0,1243520.42,1.0,多頭,12
2025-07-15,1251570.25,0.0,1251570.25,1.0,多頭,12
2025-07-16,1264382.5,0.0,1264382.5,1.0,多頭,12
2025-07-17,1282732.91,0.0,1282732.91,1.0,多頭,12
2025-07-18,1302858.88,0.0,1302858.88,1.0,多頭,12
2025-07-21,1315460.89,0.0,1315460.89,1.0,多頭,12
2025-07-22,1285697.87,0.0,1285697.87,1.0,多頭,12
2025-07-23,1319125.4,0.0,1319125.4,1.0,多頭,12
2025-07-24,1327189.01,0.0,1327189.01,1.0,多頭,12
2025-07-25,1315071.98,0.0,1315071.98,1.0,多頭,12
2025-07-28,1323929.95,0.0,1323929.95,1.0,多頭,12
2025-07-29,1311615.75,0.0,1311615.75,1.0,多頭,12
2025-07-30,1311423.62,0.0,1311423.62,1.0,多頭,12
2025-07-31,1321418.7,0.0,1321418.7,1.0,多頭,12
2025-08-01,1321178.11,9493.07,1311685.04,0.9928,多頭,11
2025-08-04,1297345.48,0.0,1297345.48,1.0,多頭,11
2025-08-05,1320095.93,0.0,1320095.93,1.0,多頭,11
2025-08-06,1311155.78,0.0,1311155.78,1.0,多頭,11
2025-08-07,1315239.75,0.0,1315239.75,1.0,多頭,11
2025-08-08,1349975.88,0.0,1349975.88,1.0,多頭,11
2025-08-11,1394223.74,0.0,1394223.74,1.0,多頭,11
2025-08-12,1406475.54,0.0,1406475.54,1.0,多頭,11
2025-08-13,1446766.65,0.0,1446766.65,1.0,多頭,11
2025-08-14,1485052.57,0.0,1485052.57,1.0,多頭,11
2025-08-15,1503339.05,0.0,1503339.05,1.0,多頭,11
2025-08-18,1538928.93,0.0,1538928.93,1.0,多頭,11
2025-08-19,1515836.66,0.0,1515836.66,1.0,多頭,11
2025-08-20,1447893.85,0.0,1447893.85,1.0,盤整,11
2025-08-21,1475266.66,0.0,1475266.66,1.0,多頭,11
2025-08-22,1465813.74,0.0,1465813.74,1.0,盤整,11
2025-08-25,1522725.89,0.0,1522725.89,1.0,多頭,11
2025-08-26,1535463.99,0.0,1535463.99,1.0,多頭,11
2025-08-27,1559505.74,0.0,1559505.74,1.0,多頭,11
2025-08-28,1583050.59,0.0,1583050.59,1.0,多頭,12
2025-08-29,1572251.45,0.0,1572251.45,1.0,多頭,10
2025-09-01,1542053.82,0.0,1542053.82,1.0,盤整,10
2025-09-02,1529189.71,110009.35,1419180.36,0.9281,盤整,9
2025-09-03,1561254.54,260054.76,1301199.77,0.8334,盤整,8
2025-09-04,1522796.66,0.0,1522796.66,1.0,多頭,10
2025-09-05,1559761.35,0.0,1559761.35,1.0,多頭,10
2025-09-08,1601748.49,0.0,1601748.49,1.0,多頭,10
2025-09-09,1590045.39,0.0,1590045.39,1.0,多頭,10
2025-09-10,1598740.71,0.0,1598740.71,1.0,多頭,10
2025-09-11,1580178.49,0.0,1580178.49,1.0,多頭,10
2025-09-12,1639428.67,0.0,1639428.67,1.0,多頭,10
2025-09-15,1622741.19,0.0,1622741.19,1.0,多頭,10
2025-09-16,1646444.3,0.0,1646444.3,1.0,多頭,10
2025-09-17,1658977.17,0.0,1658977.17,1.0,多頭,10
2025-09-18,1668373.46,0.0,1668373.46,1.0,多頭,10
2025-09-19,1669805.42,0.0,1669805.42,1.0,多頭,10
2025-09-22,1660738.87,0.0,1660738.87,1.0,多頭,10
2025-09-23,1637005.43,0.0,1637005.43,1.0,多頭,10
2025-09-24,1658259.06,0.0,1658259.06,1.0,多頭,10
2025-09-25,1625247.99,0.0,1625247.99,1.0,多頭,10
2025-09-26,1568372.59,254826.41,1313546.18,0.8375,多頭,8
2025-09-30,1588777.08,546986.51,1041790.57,0.6557,多頭,7
2025-10-01,1605793.72,0.0,1605793.72,1.0,多頭,9
2025-10-02,1579352.79,0.0,1579352.79,1.0,多頭,9
2025-10-03,1593211.6,0.0,1593211.6,1.0,多頭,9
2025-10-07,1631873.94,7495.04,1624378.91,0.9954,多頭,8
2025-10-08,1636938.25,7495.04,1629443.21,0.9954,多頭,8
2025-10-09,1634600.77,0.0,1634600.77,1.0,多頭,8
2025-10-13,1599872.62,0.0,1599872.62,1.0,多頭,8
2025-10-14,1537283.66,0.0,1537283.66,1.0,多頭,8
2025-10-15,1568842.19,0.0,1568842.19,1.0,多頭,8
2025-10-16,1598646.68,0.0,1598646.68,1.0,多頭,8
2025-10-17,1616437.11,0.0,1616437.11,1.0,多頭,8
2025-10-20,1677727.18,0.0,1677727.18,1.0,多頭,8
2025-10-21,1728712.5,0.0,1728712.5,1.0,多頭,8
2025-10-22,1692973.12,0.0,1692973.12,1.0,多頭,8
2025-10-23,1738755.24,0.0,1738755.24,1.0,多頭,8
2025-10-27,1833792.46,0.0,1833792.46,1.0,多頭,8
2025-10-28,1794737.77,0.0,1794737.77,1.0,多頭,8
2025-10-29,1795996.06,0.0,1795996.06,1.0,多頭,8
2025-10-30,1803884.88,0.0,1803884.88,1.0,多頭,8
2025-10-31,1786349.23,0.0,1786349.23,1.0,多頭,8
2025-11-03,1752625.39,0.0,1752625.39,1.0,多頭,8
2025-11-04,1673807.56,511385.46,1162422.1,0.6945,多頭,6
2025-11-05,1674107.49,353697.19,1320410.3,0.7887,多頭,7
2025-11-06,1695258.83,0.0,1695258.83,1.0,多頭,9
2025-11-07,1661559.59,401138.34,1260421.25,0.7586,盤整,8
2025-11-10,1694386.81,0.0,1694386.81,1.0,多頭,11
2025-11-11,1747176.64,107588.71,1639587.92,0.9384,盤整,10
2025-11-12,1782594.32,0.0,1782594.32,1.0,多頭,11
2025-11-13,1802581.88,0.0,1802581.88,1.0,多頭,11
2025-11-14,1752206.17,0.0,1752206.17,1.0,盤整,11
2025-11-17,1734466.68,0.0,1734466.68,1.0,盤整,11
2025-11-18,1697771.03,0.0,1697771.03,1.0,盤整,11
2025-11-19,1677969.89,0.0,1677969.89,1.0,盤整,11
2025-11-20,1760766.87,0.0,1760766.87,1.0,盤整,11
2025-11-21,1675904.0,0.0,1675904.0,1.0,盤整,11
2025-11-24,1672236.48,0.0,1672236.48,1.0,盤整,11
2025-11-25,1638391.64,0.0,1638391.64,1.0,盤整,11
2025-11-26,1634138.52,29622.93,1604515.59,0.9819,盤整,10
2025-11-27,1697494.28,0.0,1697494.28,1.0,多頭,10
2025-11-28,1712074.69,0.0,1712074.69,1.0,多頭,10
2025-12-01,1679638.24,0.0,1679638.24,1.0,盤整,10
2025-12-02,1708650.77,0.0,1708650.77,1.0,多頭,10
2025-12-03,1730192.98,0.0,1730192.98,1.0,多頭,10
2025-12-04,1705248.46,0.0,1705248.46,1.0,多頭,10
2025-12-05,1711584.38,0.0,1711584.38,1.0,多頭,11
2025-12-08,1718011.42,0.0,1718011.42,1.0,多頭,11
2025-12-09,1716252.95,0.0,1716252.95,1.0,多頭,11
2025-12-10,1697378.96,0.0,1697378.96,1.0,多頭,11
2025-12-11,1668386.12,0.0,1668386.12,1.0,多頭,11
2025-12-12,1676216.38,0.0,1676216.38,1.0,多頭,11
2025-12-15,1642176.97,0.0,1642176.97,1.0,多頭,11
2025-12-16,1609371.03,0.0,1609371.03,1.0,盤整,11
2025-12-17,1604115.34,0.0,1604115.34,1.0,盤整,11
2025-12-18,1587357.98,0.0,1587357.98,1.0,盤整,11
2025-12-19,1610450.19,0.0,1610450.19,1.0,多頭,11
2025-12-22,1663690.95,0.0,1663690.95,1.0,多頭,11
2025-12-23,1648084.65,0.0,1648084.65,1.0,多頭,11
2025-12-24,1641418.91,0.0,1641418.91,1.0,多頭,11
2025-12-26,1647229.89,0.0,1647229.89,1.0,多頭,11
2025-12-29,1646831.06,0.0,1646831.06,1.0,多頭,11
2025-12-30,1652327.13,0.0,1652327.13,1.0,多頭,11
2025-12-31,1668448.93,0.0,1668448.93,1.0,多頭,11
2026-01-02,1726664.72,0.0,1726664.72,1.0,多頭,12
2026-01-05,1731524.5,0.0,1731524.5,1.0,多頭,12
2026-01-06,1800068.18,0.0,1800068.18,1.0,多頭,12
2026-01-07,1845778.79,0.0,1845778.79,1.0,多頭,11
2026-01-08,1823589.71,0.0,1823589.71,1.0,多頭,11
2026-01-09,1795846.58,0.0,1795846.58,1.0,多頭,11
2026-01-12,1894376.72,0.0,1894376.72,1.0,多頭,11
2026-01-13,1948974.66,0.0,1948974.66,1.0,多頭,11
2026-01-14,1995199.4,0.0,1995199.4,1.0,多頭,11
2026-01-15,2046007.43,0.0,2046007.43,1.0,多頭,11
2026-01-16,2087089.28,0.0,2087089.28,1.0,多頭,11
2026-01-19,2163636.39,0.0,2163636.39,1.0,多頭,11
2026-01-20,2186446.5,0.0,2186446.5,1.0,多頭,11
2026-01-21,2129194.2,0.0,2129194.2,1.0,多頭,11
2026-01-22,2175644.03,0.0,2175644.03,1.0,多頭,11
2026-01-23,2198430.09,0.0,2198430.09,1.0,多頭,11
2026-01-26,2247833.12,0.0,2247833.12,1.0,多頭,11
2026-01-27,2218476.51,0.0,2218476.51,1.0,多頭,11
2026-01-28,2232720.11,0.0,2232720.11,1.0,多頭,11
2026-01-29,2144967.46,0.0,2144967.46,1.0,多頭,11
2026-01-30,2104888.82,0.0,2104888.82,1.0,多頭,11
2026-02-02,2040766.62,446683.42,1594083.2,0.7811,多頭,8
2026-02-03,2090089.75,0.0,2090089.75,1.0,多頭,10
2026-02-04,2169087.19,6233.87,2162853.31,0.9971,多頭,10
2026-02-05,2085862.77,0.0,2085862.77,1.0,多頭,11
2026-02-06,1987964.25,0.0,1987964.25,1.0,多頭,11
2026-02-09,1999693.9,0.0,1999693.9,1.0,多頭,10
2026-02-10,1988122.62,0.0,1988122.62,1.0,多頭,10
2026-02-11,2032928.12,0.0,2032928.12,1.0,多頭,10
2026-02-23,2091165.01,0.0,2091165.01,1.0,多頭,10
2026-02-24,2179018.72,0.0,2179018.72,1.0,多頭,10
2026-02-25,2206189.05,0.0,2206189.05,1.0,多頭,10
2026-02-26,2229827.09,0.0,2229827.09,1.0,多頭,10
2026-03-02,2276533.14,0.0,2276533.14,1.0,多頭,10
2026-03-03,2232641.9,0.0,2232641.9,1.0,多頭,10
2026-03-04,2096016.87,0.0,2096016.87,1.0,盤整,10
2026-03-05,2139561.88,0.0,2139561.88,1.0,多頭,10
2026-03-06,2162934.98,0.0,2162934.98,1.0,多頭,10
2026-03-09,2033218.27,0.0,2033218.27,1.0,盤整,10
2026-03-10,2071108.76,190053.26,1881055.5,0.9082,盤整,9
2026-03-11,2160057.96,0.0,2160057.96,1.0,多頭,10
2026-03-12,2168882.1,0.0,2168882.1,1.0,多頭,10
2026-03-13,2127804.53,0.0,2127804.53,1.0,盤整,10
2026-03-16,2104491.21,478226.77,1626264.45,0.7728,盤整,8
2026-03-17,2134299.14,0.0,2134299.14,1.0,多頭,11
2026-03-18,2153267.77,0.0,2153267.77,1.0,多頭,10
2026-03-19,2097722.14,0.0,2097722.14,1.0,盤整,10
2026-03-20,2074157.78,442605.26,1631552.52,0.7866,盤整,8
2026-03-23,2050637.67,442605.26,1608032.41,0.7842,盤整,8
2026-03-24,2043915.38,574038.31,1469877.07,0.7191,盤整,7
2026-03-25,2055545.24,574038.31,1481506.93,0.7207,盤整,7
2026-03-26,2022610.77,574038.31,1448572.46,0.7162,盤整,7
2026-03-27,2042454.64,574038.31,1468416.33,0.7189,盤整,7
2026-03-30,2002659.25,574038.31,1428620.94,0.7134,盤整,7
2026-03-31,1941551.89,574038.31,1367513.58,0.7043,盤整,7
2026-04-01,2012265.05,574038.31,1438226.75,0.7147,盤整,7
2026-04-02,1977727.41,574038.31,1403689.1,0.7097,盤整,7
2026-04-07,1972215.0,0.0,1972215.0,1.0,多頭,11
2026-04-08,2085693.09,0.0,2085693.09,1.0,多頭,11
2026-04-09,2091524.79,0.0,2091524.79,1.0,多頭,11
2026-04-10,2127970.92,0.0,2127970.92,1.0,多頭,11
2026-04-13,2157623.57,0.0,2157623.57,1.0,多頭,11
2026-04-14,2226183.67,0.0,2226183.67,1.0,多頭,11
2026-04-15,2214795.52,0.0,2214795.52,1.0,多頭,11
2026-04-16,2270081.15,0.0,2270081.15,1.0,多頭,11
2026-04-17,2331931.55,0.0,2331931.55,1.0,多頭,10
2026-04-20,2361029.67,0.0,2361029.67,1.0,多頭,11
2026-04-21,2425616.55,0.0,2425616.55,1.0,多頭,11
2026-04-22,2455687.52,0.0,2455687.52,1.0,多頭,11
2026-04-23,2316544.76,0.0,2316544.76,1.0,多頭,11
2026-04-24,2299275.16,0.0,2299275.16,1.0,多頭,11
2026-04-27,2350883.65,0.0,2350883.65,1.0,多頭,11
2026-04-28,2411762.41,0.0,2411762.41,1.0,多頭,11
2026-04-29,2445636.36,0.0,2445636.36,1.0,多頭,11
2026-04-30,2474012.1,0.0,2474012.1,1.0,多頭,11
2026-05-04,2548105.33,0.0,2548105.33,1.0,多頭,11
2026-05-05,2615155.92,0.0,2615155.92,1.0,多頭,11
2026-05-06,2669550.27,0.0,2669550.27,1.0,多頭,11
2026-05-07,2804129.39,0.0,2804129.39,1.0,多頭,10
2026-05-08,2865588.13,0.0,2865588.13,1.0,多頭,10
2026-05-11,2984004.29,0.0,2984004.29,1.0,多頭,10
2026-05-12,3024450.09,0.0,3024450.09,1.0,多頭,10
2026-05-13,3049022.98,227091.85,2821931.13,0.9255,多頭,9
2026-05-14,3088398.23,227091.85,2861306.38,0.9265,多頭,9
2026-05-15,2993018.79,227091.85,2765926.94,0.9241,多頭,9
2026-05-18,3055273.13,227091.85,2828181.28,0.9257,多頭,9
2026-05-19,3015454.63,1472754.44,1542700.19,0.5116,盤整,6
2026-05-20,3059402.37,2207951.21,851451.16,0.2783,盤整,3
2026-05-21,3091377.63,2207951.21,883426.42,0.2858,多頭,3
2026-05-22,3109296.75,2207951.21,901345.54,0.2899,多頭,3
2026-05-25,3147165.43,2207951.21,939214.22,0.2984,多頭,3
2026-05-26,3202744.44,2207951.21,994793.23,0.3106,多頭,3
2026-05-27,3246893.31,2207951.21,1038942.1,0.32,多頭,3
2026-05-28,3296472.92,2207951.21,1088521.72,0.3302,多頭,3
2026-05-29,3300724.21,2207951.21,1092773.01,0.3311,多頭,3
2026-06-01,3374494.19,2207951.21,1166542.99,0.3457,多頭,3
2026-06-02,3339521.95,2207951.21,1131570.74,0.3388,多頭,3
2026-06-03,3288800.29,2207951.21,1080849.08,0.3286,多頭,3
2026-06-04,3254607.75,2207951.21,1046656.55,0.3216,多頭,3
2026-06-05,3263615.85,3263615.85,0.0,0.0,多頭,0
2026-06-08,3263615.85,3263615.85,0.0,0.0,多頭,0
2026-06-09,3263615.85,3263615.85,0.0,0.0,多頭,0
